{"2": {"8006": {"1": [2.0141633342612875], "2": [1.9729511439800262]}, "8000": {"1": [2.3136746178973806], "2": [2.319117383523421]}}}