{
  "1": {
    "8001": {
      "1": [
        2.1899926879189233, 2.0539250337716304, 1.982160943927187,
        1.9237519827756016, 1.8816072073849766, 1.837886109496608,
        1.8037140983523745, 1.7677642973986538, 1.7424536329327207,
        1.7124650153246792, 1.6916388381611218, 1.6706709211522883,
        1.6546202898025513, 1.6371702642151804, 1.6212100007317283,
        1.6069181868524263, 1.5967450792139226, 1.5869202722202649,
        1.5750285531535293, 1.5687932895891594
      ],
      "2": [
        1.8343065037871853, 1.7121346791585286, 1.6633152817234849,
        1.6272465026739873, 1.6055978825598052, 1.5843902103828662,
        1.5736938462112888, 1.563670353455977, 1.5523972402919421,
        1.5481961134708289, 1.5399075963280418, 1.5308195786042647,
        1.5283907001668757, 1.5247234358932034, 1.5209342602527502,
        1.517634857784618, 1.5168231472824558, 1.5134321595683242,
        1.5115997863538337, 1.5111859458865542
      ],
      "3": [
        1.6725229530623464, 1.5800347870046443, 1.555073203462543,
        1.5358330372608069, 1.5291808337876291, 1.5261943376425542,
        1.5155711137887202, 1.5122455503001357, 1.506191398158218,
        1.5063175721602007, 1.5050996722597065, 1.5030211571491126,
        1.5015365102074363, 1.499660737586744, 1.4978247447447344,
        1.497447953079686, 1.4976123282403657, 1.498177777637135,
        1.4980982253045747, 1.4967683770439841
      ]
    },
    "8000": {
      "1": [
        2.3114415515552866, 2.31211324894067, 2.3120260310895517,
        2.311620856776382, 2.3126840952670937, 2.310049700014519,
        2.3142385121547813, 2.3112722888137354, 2.310086004661791,
        2.3117815003250586, 2.311904936125784, 2.3137709949955796,
        2.3102885593067515, 2.312425974643592, 2.313089370727539,
        2.3141522624275903, 2.3120445843898887, 2.312648231332952,
        2.3076873909343374, 2.313372604774706
      ],
      "2": [
        2.320101528456717, 2.318023631066987, 2.314337239120946,
        2.3191908706318247, 2.3179349754795884, 2.3194587953162915,
        2.315993749734127, 2.318525112036503, 2.317539258436723,
        2.3142995111870044, 2.3124461896491773, 2.318940509449352,
        2.31602439735875, 2.315469178286466, 2.316875645608613,
        2.3160238988471753, 2.317939873897668, 2.317341949000503,
        2.314722205653335, 2.3143488493832676
      ],
      "3": [
        2.324640490792014, 2.32256437070442, 2.3223410953174937,
        2.3193614266135474, 2.3165153590115635, 2.3207389658147637,
        2.32478083263744, 2.319892153595433, 2.323328061537309,
        2.3203450405236445, 2.3234294255574546, 2.3244309425354004,
        2.321619900790128, 2.317953673276034, 2.3244050777319707,
        2.317665345741041, 2.3202705600044946, 2.319189273949825,
        2.31110295382413, 2.318995916482174
      ]
    }
  }
}
