{"2": {"8003": {"1": [1.7831913043152203, 1.729084927927364, 1.6892089437354694, 1.656062676147981, 1.6360339603640817, 1.6174513751810247, 1.602696267041293, 1.5887894955548374, 1.5802342431111769, 1.5707854140888562], "2": [1.6417231072079053, 1.6166904216462916, 1.592505861412395, 1.5782315974885768, 1.568127686327154, 1.5598218576474623, 1.5564684651114724, 1.5494424267248674, 1.5435495647517117, 1.5383749197829852], "3": [1.5833967626094818, 1.56338908997449, 1.5507938482544639, 1.545165847648274, 1.5429643230004744, 1.5385445871136405, 1.5299847153100101, 1.530952125787735, 1.5259395295923406, 1.5260578935796565]}, "8006": {"1": [1.8772095279260115, 1.8104638321833177, 1.7695303586396305, 1.7306911620226773, 1.704051521691409, 1.6767394055019726, 1.6579511870037427, 1.6393281681971117, 1.6221039647405797, 1.6137118420817635], "2": [1.6945044885982166, 1.6590889340097255, 1.6325957612557844, 1.6187312548810786, 1.6073532104492188, 1.5900206863880157, 1.5800032913684845, 1.5729380304163152, 1.5653960542245344, 1.5617234815250745], "3": [1.6137987944212826, 1.590986427935687, 1.5771448693492196, 1.5674817833033474, 1.5612869398160414, 1.557602671059695, 1.5514524470676074, 1.5492560402913527, 1.5415246838873082, 1.5382622399113395]}}}