{"1": {"8003": {"1": [1.8451720042662187], "2": [1.817837736823342]}, "8002": {"1": [1.8363293878959888], "2": [1.8092498490304658]}}}