{
  "2": {
    "8005": {
      "1": [
        1.773486119328123, 1.706855828111822, 1.666138555064346,
        1.6276865655725652, 1.6014689351573135, 1.5820572267879138,
        1.571456370931683, 1.5551700447544907, 1.551779183474454,
        1.538537076025298, 1.5300846894582112, 1.5307090535308376,
        1.5196754679535374, 1.519560369578275, 1.512188358740373,
        1.5133372581366338, 1.5126988418174512, 1.5105022119753289,
        1.5049366806492661, 1.5052161686348193
      ],
      "2": [
        1.58392963626168, 1.5559816360473633, 1.5356736399910667,
        1.5276488715952092, 1.523659312363827, 1.5191220767570264,
        1.5184390219775112, 1.5096657926386052, 1.5086041255430742,
        1.5087730992924084, 1.5038710362983472, 1.5014800158413975,
        1.5046282970544063, 1.5039983193079631, 1.501557303197456,
        1.4963444904847578, 1.496356927987301, 1.4958844654487842,
        1.4942768270319158, 1.493932969642408
      ],
      "3": [
        1.5396276170557195, 1.5236435333887737, 1.512272267630606,
        1.5073228785485933, 1.5046219211636167, 1.501556974468809,
        1.4992187962387546, 1.4971002701557043, 1.4978306076743386,
        1.498794208873402, 1.4968506025545525, 1.4977939526240032,
        1.493870157184023, 1.4968939152630893, 1.492447347351999,
        1.490299445210081, 1.4883039178270283, 1.4923950108614834,
        1.4918728922352646, 1.4898543213353013
      ]
    },
    "8001": {
      "1": [
        1.9208334973364165, 1.8715989950931433, 1.8153793775674067,
        1.7763781114058061, 1.7391074679114602, 1.7111034284938464,
        1.687982201576233, 1.6605644731810598, 1.6445875456838897,
        1.6301473848747485, 1.6153901237429995, 1.6042363029537778,
        1.5972208615505334, 1.584390112847993, 1.57995317921494,
        1.570227268970374, 1.562896779089263, 1.558844804763794,
        1.5521978356621482, 1.549324469132857
      ],
      "2": [
        1.648347598133665, 1.6190409082354922, 1.595093795747468,
        1.5807070370876428, 1.5718193885051843, 1.5613150452122544,
        1.55200990041097, 1.5474038051836418, 1.5422034986091382,
        1.5392691185980132, 1.5365951241868916, 1.529728929201762,
        1.527318907506538, 1.525904048572887, 1.5255634062217944,
        1.5223959684371948, 1.5229476401300142, 1.5186247717250476,
        1.518394733920242, 1.5155800219738123
      ],
      "3": [
        1.5692534916328662, 1.5559819467139966, 1.5367301449631199,
        1.5344321836124768, 1.5330191814538203, 1.524441715442773,
        1.5198035782033747, 1.521529956297441, 1.5144625468687578,
        1.512892535238555, 1.5099553845145486, 1.5085551558118877,
        1.508801565025792, 1.5115504734443896, 1.507654778885119,
        1.5057631333669026, 1.5034461707779856, 1.5065422274849631,
        1.503875443429658, 1.5006437735124067
      ]
    }
  },
  "4": {
    "8006": {
      "1": [
        2.340633739124645, 2.341052380475131, 2.337941668250344,
        2.3437565023248847, 2.3416332548314873, 2.3429943070267187,
        2.336726593248772, 2.3425490205938164, 2.333891319506096,
        2.3419055288488213, 2.3403273784753047, 2.3365070964350845,
        2.3363554694435815, 2.34522710424481, 2.334457274639245,
        2.333346959316369, 2.337920066082116, 2.3401136181571265,
        2.333124218565045, 2.337692968773119
      ],
      "2": [
        2.330287030248931, 2.34428714983391, 2.332536993604718,
        2.334316860545765, 2.3322593732313677, 2.3302502559893057,
        2.3419254115133574, 2.331621690229936, 2.333596706390381,
        2.339213732517127, 2.3326432993917754, 2.3372498642314565,
        2.3362308126507383, 2.3344609303907915, 2.336886420394435,
        2.339923143386841, 2.3356348384510386, 2.3293805266871597,
        2.3370632113832417, 2.3395879557638457
      ],
      "3": [
        2.333833210396044, 2.33299141219168, 2.333815386801055,
        2.332678137403546, 2.3291897629246567, 2.327239007660837,
        2.331223386706728, 2.3291864973126035, 2.3266808480927437,
        2.3300179568204014, 2.324426044117321, 2.3191769701061826,
        2.320620869145249, 2.317306749748461, 2.317146243471088,
        2.315556446711222, 2.313166791742498, 2.3152372764818594,
        2.3109218424016778, 2.312317551988544
      ]
    },
    "8004": {
      "1": [
        2.3415759765740596, 2.331339214787339, 2.3443410396575928,
        2.3412258119294136, 2.33852338068413, 2.3380436825029776,
        2.3433093229929605, 2.3399146036668257, 2.346226526029182,
        2.342238238363555, 2.3442034504630347, 2.334733146609682,
        2.3318436868263013, 2.3409343488288648, 2.3412398063775264,
        2.3433823513262197, 2.3359867081497656, 2.3418533513040254,
        2.335606155973492, 2.3389955506180273
      ],
      "2": [
        2.341568932388768, 2.3383564949035645, 2.334199247938214,
        2.337774493477561, 2.3419168717933423, 2.3426269979187935,
        2.3423860145337656, 2.340102275212606, 2.337476260734327,
        2.340156822493582, 2.3330342986366968, 2.3397047736428003,
        2.335339553428419, 2.3275717677492085, 2.3281453667264995,
        2.3327496124036387, 2.337837320385557, 2.333945657267715,
        2.3359689712524414, 2.3327923326781304
      ],
      "3": [
        2.336607434532859, 2.334406787698919, 2.3367553768735942,
        2.331380677945686, 2.3348762772300025, 2.332606402310458,
        2.3296330697608716, 2.3374289310339726, 2.3311349261890757,
        2.3356703917185464, 2.333049405704845, 2.3294580199501733,
        2.3304464383558794, 2.331095550999497, 2.3276150660081343,
        2.320278283321496, 2.320056200027466, 2.3196150895321006,
        2.320643836801702, 2.3163786295688515
      ]
    }
  }
}
