{"1": {"8005": {"1": [1.7468345165252686], "2": [1.7145778753540732]}, "8004": {"1": [1.7122401215813376], "2": [1.6931351341984489]}}}