{"1": {"8001": {"1": [1.8476579117052483], "2": [1.8103136691180142]}, "8000": {"1": [1.8402552929791538], "2": [1.8061653736865881]}}}