{
  "1": {
    "8005": {
      "1": [
        2.177976521578702, 2.040032733570446, 1.9677210395986384,
        1.913970416242426, 1.8656424356229377, 1.8289272532318577,
        1.795320456678217, 1.7623707489533857, 1.737000620726383,
        1.7084204464247732, 1.6844072956027407, 1.6667388280232747,
        1.6529613010811084, 1.6300039183009754, 1.617434732841723,
        1.6080559419863152, 1.5940488107276685, 1.5894767262718894,
        1.5752988042253437, 1.569755904602282
      ],
      "2": [
        1.8183668273867983, 1.71542367068204, 1.6604851592670788,
        1.6309233036908237, 1.6007421883669766, 1.5859858483979197,
        1.5743325768095073, 1.5630534200957327, 1.552734866286769,
        1.5444499073606548, 1.5396791768796516, 1.538143819028681,
        1.5323145678549102, 1.528420545838096, 1.5260534033630833,
        1.5248911958752256, 1.5231365182183005, 1.5195436405413079,
        1.516624017195268, 1.5136595278075247
      ],
      "3": [
        1.6605904282945576, 1.5794947761477847, 1.5559981483401675,
        1.5390281243757769, 1.5328054608720723, 1.5241343686074922,
        1.5207869536948926, 1.5155327572967068, 1.5134994477936716,
        1.511336695064198, 1.5128424709493464, 1.5070572116158225,
        1.505329724514123, 1.5042362321506848, 1.5036673401341294,
        1.5027591423554854, 1.5028286955573342, 1.4998841538573757,
        1.5000204461993594, 1.4993118878566858
      ]
    },
    "8004": {
      "1": [
        2.3173052180897105, 2.311938278602831, 2.311951760089759,
        2.312742421121308, 2.3149844660903467, 2.3129037004528623,
        2.3138450492512095, 2.314695950710412, 2.3105788303144053,
        2.3162507794120093, 2.311624425830263, 2.3162860436873003,
        2.3125599803346577, 2.3112175536878183, 2.315053672501535,
        2.311695301171505, 2.313113956740408, 2.315378926017068,
        2.313633189056859, 2.313578071016254
      ],
      "2": [
        2.3171954732952695, 2.319809169480295, 2.3176248796058423,
        2.3131923747785166, 2.3204979968793467, 2.3154864527962427,
        2.318305976463087, 2.31772137410713, 2.3178953474218194,
        2.314960226868138, 2.315245346589522, 2.3203849720232412,
        2.3162380782040684, 2.3202956156297163, 2.3116553263230757,
        2.3178721052227598, 2.3164384365081787, 2.318247824004202,
        2.3144843939578896, 2.3143918803243926
      ],
      "3": [
        2.3186753301909477, 2.316874482414939, 2.3180711775115044,
        2.3264230381358755, 2.3242743159785415, 2.3213395927891587,
        2.3213716998244776, 2.3227873281999067, 2.320029591069077,
        2.324675538323142, 2.319135962110577, 2.3253407550580576,
        2.3207727562297475, 2.320984710346569, 2.321832461790605,
        2.317447163841941, 2.319328055237279, 2.320349686073534,
        2.318708716016827, 2.324834693561901
      ]
    }
  },
  "3": {
    "8004": {
      "1": [
        2.343810695590395, 2.3441190502860327, 2.3368054953488437,
        2.34891719529123, 2.3429039319356284, 2.3398844401041665,
        2.332224571343624, 2.33584197362264, 2.33577679865288,
        2.337748989914403, 2.336712035265836, 2.3413791728742197,
        2.3362536574854995, 2.336327401074496, 2.3350623954426157,
        2.3371960105318013, 2.341736164959994, 2.334078817656546,
        2.341494408520785, 2.3327469103264087
      ],
      "2": [
        2.338899128364794, 2.3321516875064736, 2.3371693004261362,
        2.3314451304349033, 2.3332538243496055, 2.3374415310946377,
        2.3305474555853642, 2.3348652305025044, 2.3333276907602944,
        2.3291209394281562, 2.3254512945810952, 2.326994939283891,
        2.326032291759144, 2.3239010030573066, 2.325502634048462,
        2.3199413039467554, 2.3207297758622603, 2.315010171948057,
        2.3135961185802114, 2.313172535462813
      ],
      "3": [
        2.3176965207764595, 2.312443480347142, 2.3104662317218203,
        2.3083298206329346, 2.308009068171183, 2.308892011642456,
        2.3091213052923028, 2.307780525901101, 2.30942846067024,
        2.3098694266694966, 2.30774475588943, 2.307023698633367,
        2.305209752285119, 2.3092970270099062, 2.3067647038084087,
        2.3060482704278193, 2.303928014003869, 2.30672295888265,
        2.3059920397671787, 2.307640299652562
      ]
    },
    "8002": {
      "1": [
        2.343132322484797, 2.3465517289710767, 2.339844320759629,
        2.3425087928771973, 2.339294245748809, 2.3388818610798228,
        2.340954455462369, 2.336177515261101, 2.3333364833484995,
        2.3363244172298545, 2.3354381575728906, 2.3313250108198686,
        2.339760447993423, 2.336824489362312, 2.33943146647829,
        2.336591460488059, 2.3331668160178443, 2.3320209329778496,
        2.3337406678633257, 2.3319490244894316
      ],
      "2": [
        2.3351889162352593, 2.335636182264848, 2.3383865139701148,
        2.3372866240414707, 2.336040482376561, 2.3298417510408345,
        2.340403195583459, 2.3377778457872793, 2.3364528959447686,
        2.33204341657234, 2.3285307522976035, 2.336262305577596,
        2.32829281055566, 2.3270401593410606, 2.3231277971556694,
        2.3228394985198975, 2.3249033508878765, 2.328744317546035,
        2.3258094859845713, 2.320000019940463
      ],
      "3": [
        2.3112115426497026, 2.3127211223949087, 2.3072211742401123,
        2.311634215441617, 2.3087975256370776, 2.311076308741714,
        2.3073523478074507, 2.308195208058213, 2.3086808305798154,
        2.3052309065154106, 2.3067297718741675, 2.305287744059707,
        2.3095156496221367, 2.306758100336248, 2.30355843630704,
        2.3035799301031865, 2.306193734660293, 2.304976867906975,
        2.302909988345522, 2.30591784101544
      ]
    }
  },
  "5": {
    "8004": {
      "1": [
        2.3422816955682, 2.3375531326640737, 2.3435100425373423,
        2.3392595450083413, 2.3414318055817573, 2.3421983502127905,
        2.3415944576263428, 2.3402494300495493, 2.345074191237941,
        2.3427443576581553, 2.3425417163155298, 2.3423964832768296,
        2.3375579154852666, 2.3411156408714526, 2.3355668024583296,
        2.3373740875359736, 2.3357643286387124, 2.336170377153339,
        2.3326329534704033, 2.333752090280706
      ],
      "2": [
        2.3329950751680317, 2.3378148078918457, 2.334424474022605,
        2.334816911003806, 2.3278990225358442, 2.3229913422555635,
        2.3192988020001035, 2.319822593168779, 2.315196571928082,
        2.312311215834184, 2.313546252973152, 2.3082472555565112,
        2.3106191447286895, 2.307282252745195, 2.306483348210653,
        2.3107639153798423, 2.3093451225396358, 2.3070609930789834,
        2.30619765772964, 2.308741807937622
      ],
      "3": [
        2.3123286348400693, 2.3087848461035527, 2.310926827517423,
        2.309881795536388, 2.310323072202278, 2.306891752011848,
        2.308089935418331, 2.306055105093754, 2.3110710274089468,
        2.3069707986080283, 2.308596134185791, 2.311748880328554,
        2.3142441547278203, 2.312197042234016, 2.306888963236953,
        2.3062356891054097, 2.306424805612275, 2.3074912157925693,
        2.3093795993111352, 2.3080365007573906
      ]
    },
    "8011": {
      "1": [
        1.6992927211703677, 1.660844867879694, 1.6282598538832231,
        1.6076877731265444, 1.5895360816608777, 1.5763304522543242,
        1.5620558442491475, 1.5503303571180864, 1.5400766314882222,
        1.5358164816191702, 1.5299835746938533, 1.5275437506762417,
        1.5250713138869314, 1.5189328085292468, 1.5203523021755796,
        1.5138634334910999, 1.5121857578104192, 1.5114739844293306,
        1.5110285932367498, 1.5069140448714748
      ],