{"1": {"8001": {"1": [2.32999831979925], "2": [2.3255961428989065]}, "8000": {"1": [2.3308617689392785], "2": [2.3283093842593106]}}}