{
  "1": {
    "8011": {
      "1": [
        2.1855414925199566, 2.0535307797518643, 1.9811155543182835,
        1.9198015783772324, 1.8702968033877285, 1.8247334812626694,
        1.7911875500823513, 1.7567638447790435, 1.7292196281028516,
        1.7018793387846514, 1.6768104921687732, 1.6602124228621975,
        1.6436715162161626, 1.624894203561725, 1.6161325844851406,
        1.6025434515692971, 1.5888864343816584, 1.5799227916833125,
        1.5716017448540889, 1.5635508407245984
      ],
      "2": [
        1.7332731304746685, 1.6732033491134644, 1.6355756557349004,
        1.6137320561842485, 1.596220775084062, 1.5807501583388357,
        1.5721559885776404, 1.5601989536574392, 1.5575401782989502,
        1.5481588370872266, 1.5458739959832393, 1.541915987477158,
        1.5376350807421135, 1.5354305975364917, 1.530790849165483,
        1.530068202452226, 1.5252802155234597, 1.5266207817829016,
        1.5223634532003691, 1.5195997014190212
      ],
      "3": [
        1.6038151690454194, 1.5748518416375825, 1.556290398944508,
        1.5464679183381977, 1.53625391107617, 1.530899875091784,
        1.5320719372142444, 1.5277389360196663, 1.5250053116769502,
        1.5241688742782131, 1.5169000986850623, 1.5172331152540264,
        1.514337962323969, 1.5116588960994373, 1.512936967791933,
        1.5115995262608384, 1.5047090920535, 1.5083250385342222,
        1.5029656236821956, 1.5086932615800337
      ]
    },
    "8010": {
      "1": [
        2.184730797102957, 2.062898205988335, 1.9836888060425266,
        1.9290278174660422, 1.8726584261113948, 1.8355454928947217,
        1.7952163002707742, 1.763759403517752, 1.7351695877132993,
        1.7092375430193814, 1.6854320511673435, 1.6621480493834524,
        1.6484640547723481, 1.6287767164634936, 1.6184972596890999,
        1.6028338634606563, 1.591215350411155, 1.583407405650977,
        1.5739876862728235, 1.566046006751783
      ],
      "2": [
        1.7430014140678174, 1.680672450499101, 1.6440620494611335,
        1.6164401011033491, 1.5967769261562463, 1.5839072971632986,
        1.5746235486232874, 1.5627991502935237, 1.5597509037364612,
        1.5524058703220251, 1.5439822746045662, 1.5399918086601025,
        1.5379905664559566, 1.532130859114907, 1.5299860166780876,
        1.5262505105047515, 1.5239203843203457, 1.5240201913949214,
        1.520405032417991, 1.5189943819335012
      ],
      "3": [
        1.6122699542479082, 1.58054810220545, 1.5615138068343655,
        1.5444142312714548, 1.5391504909052993, 1.5318414984327373,
        1.5280072580684314, 1.5283487421093565, 1.5220810861298533,
        1.5216866153659243, 1.518728671651898, 1.5129796194307732,
        1.5135080272501165, 1.5113007299827808, 1.5102504347309922,
        1.5085437117200908, 1.5088396289131858, 1.506200216033242,
        1.5067474336335154, 1.5037347909175989
      ]
    }
  },
  "2": {
    "8009": {
      "1": [
        1.9244288025480327, 1.8587321765495068, 1.8027789664990974,
        1.7613911231358845, 1.7284408446514246, 1.7071104555418997,
        1.6775047490091035, 1.6631649840961804, 1.6454129182931148,
        1.6314907362966826, 1.6162056128184001, 1.602680863756122,
        1.5933071880629568, 1.5892415155063977, 1.5799768151658955,
        1.579211570999839, 1.5718574018189402, 1.5675655964649085,
        1.555921373945294, 1.5597674160292654
      ],
      "2": [
        1.6684470971425374, 1.6297834569757634, 1.6065842888572,
        1.5914716359340784, 1.5827149911360308, 1.56623062581727,
        1.5640666448708735, 1.5570612676215894, 1.5486701979781643,
        1.5456654447497744, 1.5425893465677898, 1.5366766127673062,
        1.5366237777652163, 1.5326939207134824, 1.527542247916713,
        1.5261288158821338, 1.525526053977735, 1.5222587874441436,
        1.5189154834458323, 1.5216517123309048
      ],
      "3": [
        1.5833388530846797, 1.5646635980317087, 1.5495927586699978,
        1.5422611597812537, 1.531405275518244, 1.5310986294890896,
        1.5317429520867087, 1.5277931473471902, 1.5212995644771692,
        1.5161077614986536, 1.5175592212965994, 1.516217123378407,
        1.515375509406581, 1.512456435145754, 1.5122675389954539,
        1.5140394622629338, 1.5086440787170872, 1.5067425568898518,
        1.505908691521847, 1.5054891723575015
      ]
    },
    "8008": {
      "1": [
        1.9182057163932107, 1.8534044027328491, 1.7940693371223682,
        1.7592957561666316, 1.7329818118702283, 1.7002429673165986,
        1.6796272776343606, 1.6566342115402222, 1.641008770827091,
        1.6282641418052441, 1.613040111281655, 1.6031711354400173,
        1.5926271207404858, 1.582343264059587, 1.5794654109261252,
        1.5678778633926853, 1.5692386591073237, 1.5613093520655776,
        1.5541356621366558, 1.5516489852558484
      ],
      "2": [
        1.6657905072876902, 1.625598000757622, 1.6023615634802617,
        1.5830749092680034, 1.5738079331137917, 1.560437758763631,
        1.5577553257797703, 1.5468781247283474, 1.5449531403454868,
        1.5395386760885066, 1.5346316171414924, 1.5320252938704058,
        1.5290179072004375, 1.5256207458900684, 1.5273629354708123,
        1.5234315684347441, 1.5211596019340283, 1.519804419893207,
        1.5189621231772683, 1.516934821099946
      ],
      "3": [
        1.5764347098090432, 1.5548631566943545, 1.5433922717065522,
        1.5392459269725915, 1.5348095749363755, 1.528093858198686,
        1.5294738032601096, 1.5250922694350735, 1.5218995845679082,
        1.5175132751464844, 1.5180174401312163, 1.5126634185964412,
        1.5141133069992065, 1.5108635714559844, 1.510165770848592,
        1.5070594585303105, 1.5101959271864458, 1.505229480338819,
        1.505730441122344, 1.5082061615857212
      ]
    }
  },
  "3": {
    "8006": {
      "1": [
        2.3399474548571035, 2.3425310525027188, 2.3413544712644634,
        2.3367035316698477, 2.346211744077278, 2.3431382973988852,
        2.332976232875477, 2.3364503239140366, 2.340556260311242,
        2.3362392873475044, 2.337667291814631, 2.338356220360958,
        2.3408021132151284, 2.3387116157647334, 2.332310929442897,
        2.3258121230385522, 2.3337377923907656, 2.3371433633746523,
        2.331090313015562, 2.3284498778256504
      ],
      "2": [
        2.3371851444244385, 2.3388643048026343, 2.3368564663511333,
        2.3294147289160527, 2.3350983316248115, 2.3261701121474756,
        2.335355671969327, 2.3249992601799243, 2.3206241275324966,
        2.3217900377331357, 2.3149556535663027, 2.3135920654643667,
        2.311118407682939, 2.309475364107074, 2.3110885909109404,
        2.308738520651153, 2.307172334555424, 2.307143413659298,
        2.303961320356889, 2.306059981837417
      ],
      "3": [
        2.3124649452440664, 2.3094852187416772, 2.309027996930209,
        2.308103489153313, 2.305693763675112, 2.3065413055997905,
        2.3055491013960405, 2.3047635266275117, 2.307906555406975,
        2.306050914706606, 2.3071194128556685, 2.3059107245820942,
        2.305092370871342, 2.3058302619240503, 2.306666533152262,
        2.3093650485530044, 2.3071085756475274, 2.305684710993911,
        2.3062664017532812, 2.308334227764245
      ]
    },
    "8010": {
      "1": [
        1.7843521291559392, 1.7476350610906428, 1.705594261487325,
        1.6807624354506985, 1.6478384697076045, 1.632905642191569,
        1.6158486098954172, 1.597341295444604, 1.5859684619036587,
        1.5779913266499836, 1.5710433540922222, 1.5612282355626423,
        1.5600381258762244, 1.5509075757228967, 1.5482600421616526,
        1.5413759404962712, 1.5355721964980618, 1.533258318901062,
        1.5321507526166511, 1.5303817156589392
      ],