{"8008": {"1": [2.0893142223358154, 2.0664474964141846, 2.1124234199523926, 2.063042402267456, 2.047736167907715, 2.060727119445801, 2.0035316944122314, 2.050285577774048, 2.037083625793457, 2.041179656982422, 2.0141429901123047, 2.062206268310547, 2.050473690032959, 2.049854040145874, 2.0280587673187256, 2.084836959838867, 2.0491831302642822, 2.0320310592651367, 2.0130598545074463, 2.053318977355957, 2.0084357261657715, 2.0491373538970947, 2.036632537841797, 2.007875442504883, 2.026726007461548, 1.985059380531311, 2.008453607559204, 2.022944927215576, 2.036078453063965, 2.0806586742401123, 2.036552667617798, 2.0080137252807617, 2.033658504486084], "2": [2.0151705741882324, 2.0012197494506836, 2.0409979820251465, 1.9853492975234985, 1.9799127578735352, 1.9783936738967896, 1.9068795442581177, 1.970449447631836, 1.9514508247375488, 1.9846035242080688, 1.9657847881317139, 1.9937106370925903, 1.9639112949371338, 2.000514268875122, 2.0063185691833496, 2.0041356086730957, 1.9860881567001343, 1.9939786195755005, 1.9237043857574463, 1.984724760055542, 1.962925672531128, 1.970404028892517, 1.986895203590393, 1.9776067733764648, 1.98233163356781, 1.9327062368392944, 1.9659340381622314, 1.9435477256774902, 1.9746397733688354, 2.006110668182373, 2.0048038959503174, 1.9698607921600342, 1.9880412817001343]}, "8004": {"1": [2.002291440963745, 2.0216476917266846, 1.973940134048462, 2.0328104496002197, 2.039234161376953, 2.0727946758270264, 2.015606641769409, 2.0194900035858154, 2.0494256019592285, 2.0394680500030518, 1.9731229543685913, 2.0423824787139893, 2.0249276161193848, 2.001193046569824, 2.0593676567077637, 1.9855860471725464, 1.9796068668365479, 1.9969061613082886, 2.0161190032958984, 2.0397589206695557, 2.050690174102783, 2.014110803604126, 2.0143258571624756, 1.9944920539855957, 2.0249485969543457, 2.0300374031066895, 2.0108165740966797, 2.0212607383728027, 2.0675857067108154, 2.0147573947906494, 2.043543577194214, 2.0038881301879883, 1.9825204610824585], "2": [1.9700602293014526, 1.979465126991272, 1.8993910551071167, 1.9661791324615479, 1.9833488464355469, 1.9726835489273071, 1.9600051641464233, 1.9834710359573364, 2.0016939640045166, 1.9392552375793457, 1.9693068265914917, 1.9657026529312134, 1.9809677600860596, 1.9507181644439697, 2.0350234508514404, 1.9299547672271729, 1.9553240537643433, 1.9659126996994019, 1.964377999305725, 1.9680384397506714, 2.0131747722625732, 1.9431893825531006, 1.9777461290359497, 1.9739596843719482, 1.9759522676467896, 1.9703466892242432, 1.961026668548584, 1.956398606300354, 1.9979395866394043, 1.9849765300750732, 1.9839452505111694, 1.954868197441101, 1.9198471307754517]}}