{"2": {"8001": {"1": [2.3301788947798987], "2": [2.323337072675878]}, "8000": {"1": [2.333551461046392], "2": [2.3345280398022044]}}}