{"8001": {"1": [2.3040342330932617, 2.2950689792633057, 2.287886381149292, 2.255608081817627, 2.2392642498016357, 2.2708170413970947, 2.2028770446777344, 2.266796112060547, 2.2236363887786865, 2.2042758464813232, 2.1916208267211914, 2.199824333190918, 2.1830384731292725, 2.151515245437622, 2.154103994369507, 2.147752285003662, 2.1574466228485107, 2.1276590824127197, 2.1637158393859863, 2.181464672088623, 2.1156845092773438, 2.149599552154541, 2.1293814182281494, 2.1399383544921875, 2.0851292610168457, 2.131537914276123, 2.1339657306671143, 2.1005818843841553, 2.1862189769744873, 2.120748519897461, 2.108772039413452, 2.0951650142669678, 2.117997169494629], "2": [2.1165452003479004, 2.0709760189056396, 2.1410903930664062, 2.069063186645508, 2.0447278022766113, 2.102966785430908, 2.089564800262451, 2.1693058013916016, 2.1497292518615723, 2.07430100440979, 2.0665647983551025, 2.033634662628174, 2.0853500366210938, 2.0512514114379883, 2.059512138366699, 2.0904457569122314, 2.052192211151123, 2.0299506187438965, 2.0638351440429688, 2.121225118637085, 2.0050950050354004, 2.0929958820343018, 2.0546066761016846, 2.0669033527374268, 2.030689001083374, 2.04276967048645, 2.0659022331237793, 2.0474023818969727, 2.104785442352295, 2.0488243103027344, 2.038360357284546, 2.056133270263672, 2.0395891666412354]}, "8000": {"1": [2.3076705932617188, 2.283708095550537, 2.267331123352051, 2.276719570159912, 2.2493467330932617, 2.2758994102478027, 2.2440052032470703, 2.251444101333618, 2.2152411937713623, 2.214296579360962, 2.195803642272949, 2.1988515853881836, 2.165938377380371, 2.1766409873962402, 2.206927537918091, 2.2385401725769043, 2.136176586151123, 2.1699862480163574, 2.1820483207702637, 2.162710666656494, 2.13468861579895, 2.15678071975708, 2.1036288738250732, 2.1155362129211426, 2.1147570610046387, 2.136751890182495, 2.1585962772369385, 2.080092430114746, 2.0910918712615967, 2.086682081222534, 2.1137068271636963, 2.1170337200164795, 2.0920917987823486], "2": [2.1246156692504883, 2.1127781867980957, 2.0787768363952637, 2.1216962337493896, 2.0997540950775146, 2.12801456451416, 2.139341115951538, 2.1049904823303223, 2.0534913539886475, 2.086944580078125, 2.096109390258789, 2.0470523834228516, 2.06969952583313, 2.126338005065918, 2.1050069332122803, 2.152989387512207, 2.0348775386810303, 2.104363203048706, 2.04412841796875, 2.086320400238037, 2.06048321723938, 2.043790340423584, 2.024855613708496, 2.059007406234741, 2.0687475204467773, 2.085080623626709, 2.0958237648010254, 2.015181303024292, 2.0176541805267334, 2.0286269187927246, 2.067035675048828, 2.0193259716033936, 2.041947603225708]}}