{"1": {"8001": {"1": [2.3144432956522163], "2": [2.3135322603312405]}, "8000": {"1": [2.3130118305032905], "2": [2.311868732625788]}}}