{
  "2": {
    "8000": {
      "1": [
        2.326018463481556, 2.3308967099045264, 2.335007501370979,
        2.3273125850793086, 2.3271502220269404, 2.328098152623032,
        2.331487713438092, 2.3326272530989214, 2.3267059326171875,
        2.3245001922954214, 2.3320416392702046, 2.3274674487836435,
        2.3302670247627026, 2.3281362056732178, 2.327695319146821,
        2.327052051370794, 2.324115500305638, 2.3273737864060835,
        2.3286432641925234, 2.319703297181563
      ],
      "2": [
        2.328916751977169, 2.328621257435192, 2.323167641957601,
        2.3272228891199287, 2.3278371420773594, 2.323377096291744,
        2.324480815367265, 2.322200543952711, 2.3268535064928457,
        2.3267367897611675, 2.321649847608624, 2.323037422064579,
        2.329933130379879, 2.326086658419985, 2.326776793508819,
        2.3217906301671807, 2.318190524072358, 2.3218778263438833,
        2.321146690484249, 2.321787299531879
      ],
      "3": [
        2.321493878509059, 2.319353587699659, 2.321614474961252,
        2.3219349312059805, 2.3192257303180117, 2.3185950987266772,
        2.323325251087998, 2.3187992934024697, 2.3218380682396167,
        2.3190470897790156, 2.318044510754672, 2.3203066768068257,
        2.3194972963044136, 2.317967060840491, 2.3183949354923135,
        2.3210183201414165, 2.3184287548065186, 2.328184626319192,
        2.3184162775675454, 2.32116530158303
      ]
    },
    "8002": {
      "1": [
        2.3312974770863852, 2.3311803846648247, 2.329085870222612,
        2.3257014895930435, 2.331849206577648, 2.333056738882354,
        2.333545699264064, 2.3324326312903203, 2.3281791643662886,
        2.3317542292855005, 2.3295437278169575, 2.328198071682092,
        2.3317081783757065, 2.3256677642013086, 2.3270112890185732,
        2.325177676749952, 2.323581421014034, 2.332014358404911,
        2.325324636517149, 2.3279680772261186
      ],
      "2": [
        2.3206931388739385, 2.3236383091319692, 2.3305701848232383,
        2.328186526443019, 2.328472274722475, 2.3258030342333242,
        2.3288596904639043, 2.3282118999596797, 2.3241957967931572,
        2.325008811372699, 2.3215109507242837, 2.326771215959029,
        2.3299364321159595, 2.318217306426077, 2.3201751564488267,
        2.323177077553489, 2.321159904653376, 2.3256803570371685,
        2.3211078788294937, 2.323340733846029
      ],
      "3": [
        2.3209899411056982, 2.320812297589851, 2.3200458468812886,
        2.3189535502231484, 2.3202436114802505, 2.326619112130367,
        2.3224215507507324, 2.319445906263409, 2.318148562402436,
        2.3229151928063594, 2.3191205660502114, 2.3191381440018164,
        2.3158417398279365, 2.3156838417053223, 2.3242725964748496,
        2.321437792344527, 2.318558996373957, 2.322075121330492,
        2.3193650390162612, 2.316834377520012
      ]
    }
  },
  "4": {
    "8009": {
      "1": [
        1.758887428225893, 1.7137205383994363, 1.6776686437202222,
        1.654871637170965, 1.635910619388927, 1.6146384080251057,
        1.591791853760228, 1.5871191133152356, 1.5760838985443115,
        1.5663596752918127, 1.5557932889822759, 1.5508037624937114,
        1.5451774416547832, 1.540008342627323, 1.5399072350877705,
        1.531324397433888, 1.5301828926259822, 1.5303850715810603,
        1.5237216913338862, 1.5236002748662776
      ],
      "2": [
        1.616838711680788, 1.5806084871292114, 1.565787510438399,
        1.549269184921727, 1.5356293808330188, 1.5339328809217974,
        1.5274197621779009, 1.5235631646532002, 1.5203640749960234,
        1.5226181384288904, 1.5156673445846096, 1.5132874033667825,
        1.5135055057930225, 1.5113335053126018, 1.5097209757024592,
        1.5051607399275808, 1.503790992679018, 1.5028815305594243,
        1.5042058699058765, 1.5050426504828713
      ],
      "3": [
        1.561064676804976, 1.529743927897829, 1.5175752025662046,
        1.5117124499696675, 1.5095990498860676, 1.5073770934885198,
        1.5051860267465764, 1.5017483595645789, 1.5032073512221829,
        1.5019064166329124, 1.5004531903700395, 1.5021262205008306,
        1.4968467697952732, 1.499964298623981, 1.4957273150935317,
        1.498211990703236, 1.4954333269234859, 1.496774131601507,
        1.4925692695559878, 1.4930869340896606
      ]
    },
    "8002": {
      "1": [
        2.3450793930978486, 2.346433971867417, 2.340787208441532,
        2.341222488518917, 2.3398431358915386, 2.3350623015201455,
        2.3446031122496636, 2.3427240487300987, 2.330347183978919,
        2.337810090093902, 2.336582732923103, 2.340442722493952,
        2.3373275525642163, 2.3394241766496138, 2.339418476278132,
        2.341111927321463, 2.3392621170390737, 2.3347458333680122,
        2.3446153944188897, 2.340416590372721
      ],
      "2": [
        2.3374384677771367, 2.3352694511413574, 2.3417824615131724,
        2.339758266102184, 2.3398949377464526, 2.3460673346663965,
        2.3436540762583413, 2.344600626916596, 2.3353972651741723,
        2.3384155576879326, 2.3401663664615517, 2.338358647895582,
        2.339339270736232, 2.3309766162525523, 2.3374079863230386,
        2.340258836746216, 2.34314446738272, 2.3358566038536304,
        2.335907538731893, 2.332114913246848
      ],
      "3": [
        2.3402406808101768, 2.3365156578295156, 2.336081772139578,
        2.333497683207194, 2.3387100263075395, 2.334883957198172,
        2.3371982502214834, 2.332484404246012, 2.333076086911288,
        2.3311846184008047, 2.337502790219856, 2.3312920512575093,
        2.338054252393318, 2.3343451095349863, 2.335020014733979,
        2.33434788386027, 2.328739794817838, 2.332355434244329,
        2.3307613098260127, 2.3275700337959058
      ]
    }
  },
  "6": {
    "8001": {
      "1": [
        1.703615260846687, 1.6667010206164736, 1.6354845437136563,
        1.6167271823594065, 1.597978859236746, 1.583832971977465,
        1.572503545067527, 1.563470027663491, 1.5515471732977666,
        1.551207954233343, 1.539277737790888, 1.536872917955572,
        1.5374202367031213, 1.5260328271172263, 1.5261372183308457,
        1.5193565144683376, 1.5216562386715051, 1.5168661673863728,
        1.5140326962326511, 1.5079598065578577
      ],
      "2": [
        1.558229431961522, 1.5410984646190296, 1.5342957973480225,
        1.5252766862060085, 1.5236695390759092, 1.5199382558013455,
        1.516384850848805, 1.5135087244438403, 1.5105799111452969,
        1.5058187932679148, 1.5047536582657786, 1.5041754534750273,
        1.5066262591968884, 1.504939317703247, 1.4967917095531116,
        1.499899690801447, 1.49905868732568, 1.4993850101124158,
        1.4976140441316548, 1.4978910648461543
      ],
      "3": [
        1.5212165623000173, 1.513797604676449, 1.5100983020031091,
        1.50522611357949, 1.50403584133495, 1.5033243858452998,
        1.5001656467264348, 1.498438090989084, 1.499081886175907,
        1.4989773071173467, 1.4970995729619807, 1.4957571679895574,
        1.495566068273602, 1.4936538934707642, 1.493925311348655,
        1.494347485628995, 1.4905843156756777, 1.4936056353829124,
        1.4929072640158914, 1.4870696970910737
      ]
    },
    "8011": {
      "1": [
        1.7110408761284568, 1.6715742674740879, 1.64532931284471,
        1.615825425494801, 1.5979997750484582, 1.587179751107187,
        1.5690527612512761, 1.566925088564555, 1.5569699496933909,
        1.5500140551364783, 1.5454423319209705, 1.5399833736997661,
        1.5378599202994145, 1.5277167558670044, 1.5222706541870579,
        1.5206934105266223, 1.5184088764768657, 1.514707301602219,
        1.5171418045506333, 1.516337336915912
      ],