{"8005": {"1": [2.315511465072632, 2.3131000995635986, 2.278834581375122, 2.268864393234253, 2.252559185028076, 2.228797435760498, 2.199249744415283, 2.188164234161377, 2.2294797897338867, 2.2261245250701904, 2.2291626930236816, 2.2254981994628906, 2.2295501232147217, 2.187981605529785, 2.205676555633545, 2.195441722869873, 2.16910457611084, 2.1333956718444824, 2.182386636734009, 2.141631603240967, 2.130152702331543, 2.09242582321167, 2.0616002082824707, 2.088914155960083, 2.1379830837249756, 2.1127769947052, 2.131840944290161, 2.113286018371582, 2.044625759124756, 2.087968587875366, 2.0872228145599365, 2.1289920806884766, 2.0257010459899902], "2": [2.0503995418548584, 2.1397860050201416, 2.0823678970336914, 2.0526411533355713, 2.069023609161377, 2.086982250213623, 2.0242631435394287, 2.0710201263427734, 2.1283745765686035, 2.1108953952789307, 2.0567781925201416, 2.058473825454712, 2.100550889968872, 2.0832104682922363, 2.0456204414367676, 2.0789923667907715, 2.0495152473449707, 2.025224447250366, 2.0471248626708984, 2.0011813640594482, 2.089487075805664, 1.9675582647323608, 1.9693200588226318, 2.036278009414673, 2.082566261291504, 2.0351264476776123, 2.033097743988037, 2.032315731048584, 1.9750157594680786, 1.9939850568771362, 2.0532960891723633, 2.0817432403564453, 1.9613337516784668]}, "8004": {"1": [2.3185129165649414, 2.2964026927948, 2.278118133544922, 2.2833006381988525, 2.2639753818511963, 2.238996982574463, 2.2244341373443604, 2.2381339073181152, 2.234412908554077, 2.231879949569702, 2.1708736419677734, 2.2087318897247314, 2.1826038360595703, 2.153259754180908, 2.2091145515441895, 2.157285690307617, 2.1367814540863037, 2.1542444229125977, 2.157170057296753, 2.1784608364105225, 2.196467876434326, 2.144531011581421, 2.115447521209717, 2.130685567855835, 2.1358227729797363, 2.112302303314209, 2.1328914165496826, 2.1583218574523926, 2.150348663330078, 2.1433346271514893, 2.138326644897461, 2.1378493309020996, 2.0602312088012695], "2": [2.099255084991455, 2.1133947372436523, 2.056208372116089, 2.0996806621551514, 2.0743889808654785, 2.099252223968506, 2.0560948848724365, 2.106841802597046, 2.093522548675537, 2.095126152038574, 2.023656129837036, 2.1039652824401855, 2.0657544136047363, 2.0490596294403076, 2.110767364501953, 2.0424416065216064, 2.0369582176208496, 2.027242422103882, 2.0712897777557373, 2.0719733238220215, 2.0825014114379883, 2.0168614387512207, 2.053863286972046, 2.032208204269409, 2.0411899089813232, 2.043095588684082, 2.0872251987457275, 2.076085090637207, 2.0991501808166504, 2.0365865230560303, 2.084723472595215, 2.059521198272705, 2.004819631576538]}}