{"1": {"8001": {"1": [2.1620231541720303, 2.031667498025027, 1.964442101391879, 1.9119513414122842, 1.8735146522521973, 1.83460779894482, 1.801870952952992, 1.7733333002437244, 1.7383780154314907, 1.7204140424728394], "2": [1.818274514241652, 1.760847731070085, 1.7294688658280806, 1.7008558863943273, 1.6801910183646462, 1.657638666304675, 1.6424141255292026, 1.6279368725689976, 1.6126567938111045, 1.6056118932637302], "3": [1.6816734942522915, 1.647897487336939, 1.6265584663911299, 1.607241216030988, 1.5947246578606693, 1.5820702097632668, 1.575366808609529, 1.5664594552733682, 1.5624271902171047, 1.5606138841672377]}, "8000": {"1": [2.1642972285097297, 2.0332398766821083, 1.9638462445952676, 1.9173081463033503, 1.8622323979030957, 1.8234696036035365, 1.7886113253506748, 1.7625008469278163, 1.7325676842169329, 1.7059830725193024], "2": [1.8042590103366158, 1.746843080629002, 1.7155623083764857, 1.6896635998379101, 1.6684009676629847, 1.649290296164426, 1.630129020322453, 1.617171287536621, 1.6041206175630742, 1.5959881950508465], "3": [1.6706178459254177, 1.6400561224330554, 1.6139603799039668, 1.5986054187471217, 1.58351409164342, 1.5795354463837363, 1.576372198083184, 1.561079198663885, 1.5630541118708523, 1.5517608523368835]}}}