{"8003": {"1": [2.2985095977783203, 2.2778196334838867, 2.290015697479248, 2.2855165004730225, 2.2718465328216553, 2.2598705291748047, 2.2542383670806885, 2.2444331645965576, 2.237238645553589, 2.2263054847717285, 2.24118971824646, 2.1942789554595947, 2.1842997074127197, 2.2051892280578613, 2.226670742034912, 2.153850793838501, 2.192888021469116, 2.188296318054199, 2.178588390350342, 2.1646928787231445, 2.1946778297424316, 2.188771963119507, 2.179588794708252, 2.116781711578369, 2.1342780590057373, 2.152540445327759, 2.179586410522461, 2.1236021518707275, 2.1287643909454346, 2.1639907360076904, 2.145597457885742, 2.1393935680389404, 2.1981678009033203], "2": [2.1864662170410156, 2.1546080112457275, 2.138012170791626, 2.154909610748291, 2.1274914741516113, 2.1444098949432373, 2.1173148155212402, 2.137965202331543, 2.1246261596679688, 2.12174916267395, 2.121520519256592, 2.1228506565093994, 2.110426664352417, 2.129650115966797, 2.104889392852783, 2.0612330436706543, 2.114471197128296, 2.1324665546417236, 2.083487033843994, 2.091747283935547, 2.1351168155670166, 2.131413698196411, 2.119328260421753, 2.0550386905670166, 2.0647048950195312, 2.0615592002868652, 2.1401987075805664, 2.0699589252471924, 2.0787670612335205, 2.125439405441284, 2.0691089630126953, 2.0933690071105957, 2.190246820449829]}, "8002": {"1": [2.3214759826660156, 2.2877368927001953, 2.288228750228882, 2.302027702331543, 2.249202251434326, 2.247258424758911, 2.256938934326172, 2.2266433238983154, 2.202341079711914, 2.186643123626709, 2.2365472316741943, 2.19380521774292, 2.1866393089294434, 2.196610927581787, 2.2109906673431396, 2.126556396484375, 2.1845078468322754, 2.1491262912750244, 2.1619338989257812, 2.1083850860595703, 2.1094913482666016, 2.1803207397460938, 2.159738063812256, 2.155449151992798, 2.143880605697632, 2.1596739292144775, 2.103692054748535, 2.138512372970581, 2.1202709674835205, 2.122938394546509, 2.0963706970214844, 2.066450595855713, 2.0647404193878174], "2": [2.1656134128570557, 2.1288084983825684, 2.1053178310394287, 2.2007761001586914, 2.121803045272827, 2.09688138961792, 2.1260766983032227, 2.0852482318878174, 2.108391523361206, 2.0972983837127686, 2.1259548664093018, 2.061213970184326, 2.1047966480255127, 2.0648605823516846, 2.1258039474487305, 2.0396811962127686, 2.0886013507843018, 2.10556697845459, 2.0748536586761475, 2.0015854835510254, 2.0653293132781982, 2.1131298542022705, 2.0373928546905518, 2.054015874862671, 2.0672318935394287, 2.05489444732666, 2.0071496963500977, 2.107001304626465, 2.054140090942383, 2.031195640563965, 2.0546789169311523, 2.0127532482147217, 1.9908305406570435]}}