{"8005": {"1": [2.323442220687866, 2.292255401611328, 2.2797107696533203, 2.2571449279785156, 2.2405736446380615, 2.2426788806915283, 2.209639310836792, 2.2041192054748535, 2.216792345046997, 2.238903284072876, 2.1820485591888428, 2.2185425758361816, 2.2107725143432617, 2.2114062309265137, 2.1984498500823975, 2.2183573246002197, 2.160189151763916, 2.120594024658203, 2.1887495517730713, 2.1708548069000244, 2.1358630657196045, 2.1435563564300537, 2.054342746734619, 2.1234683990478516, 2.1681416034698486, 2.155940294265747, 2.1262404918670654, 2.0787930488586426, 2.0718865394592285, 2.0829598903656006, 2.126485586166382, 2.116281509399414, 2.0494446754455566], "2": [2.0885238647460938, 2.1287760734558105, 2.112537384033203, 2.1203901767730713, 2.1016271114349365, 2.0741982460021973, 2.0764338970184326, 2.093398094177246, 2.126995325088501, 2.1035027503967285, 2.088280439376831, 2.0767648220062256, 2.100269079208374, 2.1223716735839844, 2.070142984390259, 2.10266375541687, 2.081731081008911, 2.0560317039489746, 2.064481019973755, 2.0245280265808105, 2.054527759552002, 2.021257162094116, 1.9568216800689697, 2.0283312797546387, 2.0887086391448975, 2.084019422531128, 2.0681474208831787, 2.018540382385254, 1.9772526025772095, 2.02301287651062, 2.0808305740356445, 2.056032419204712, 1.9231425523757935]}, "8004": {"1": [2.3022422790527344, 2.304164409637451, 2.274491548538208, 2.28666353225708, 2.271676778793335, 2.2722182273864746, 2.237083911895752, 2.219369649887085, 2.213195323944092, 2.2127180099487305, 2.16127610206604, 2.195910692214966, 2.1653048992156982, 2.1801538467407227, 2.2156598567962646, 2.153430461883545, 2.1349899768829346, 2.1809234619140625, 2.1483755111694336, 2.1728403568267822, 2.1976780891418457, 2.1366562843322754, 2.1020209789276123, 2.1298398971557617, 2.1040279865264893, 2.11719012260437, 2.161182403564453, 2.1147620677948, 2.161811351776123, 2.1272995471954346, 2.153972864151001, 2.134857654571533, 2.0568959712982178], "2": [2.137528657913208, 2.1508984565734863, 2.0738940238952637, 2.122769355773926, 2.1073601245880127, 2.121680974960327, 2.1072237491607666, 2.0821001529693604, 2.101182460784912, 2.07878041267395, 2.028791666030884, 2.0809009075164795, 2.0903632640838623, 2.0697474479675293, 2.126528024673462, 2.0455551147460938, 2.0340096950531006, 2.0656285285949707, 2.0771737098693848, 2.0550785064697266, 2.1315808296203613, 2.0084519386291504, 2.027547597885132, 2.0595686435699463, 2.047283411026001, 2.0483882427215576, 2.0640041828155518, 2.0491254329681396, 2.1162936687469482, 2.0409152507781982, 2.1032445430755615, 2.0910911560058594, 2.0047028064727783]}}