{"8003": {"1": [2.3083741664886475, 2.3126962184906006, 2.2943272590637207, 2.2818551063537598, 2.258986711502075, 2.260927200317383, 2.2326719760894775, 2.21055006980896, 2.2117700576782227, 2.227707862854004, 2.2174153327941895, 2.2040581703186035, 2.182891607284546, 2.20772385597229, 2.2002065181732178, 2.1123263835906982, 2.1543428897857666, 2.173449754714966, 2.1418323516845703, 2.153203010559082, 2.194913387298584, 2.1555144786834717, 2.1874051094055176, 2.109452247619629, 2.0880978107452393, 2.1564860343933105, 2.1972453594207764, 2.117912530899048, 2.130709648132324, 2.1948013305664062, 2.1119494438171387, 2.145724058151245, 2.1720798015594482], "2": [2.1089038848876953, 2.1005098819732666, 2.086638927459717, 2.1099252700805664, 2.0653374195098877, 2.121502161026001, 2.0946202278137207, 2.0723001956939697, 2.074740171432495, 2.097193717956543, 2.0800509452819824, 2.0639286041259766, 2.094080686569214, 2.0676488876342773, 2.1219918727874756, 2.030916213989258, 2.050290822982788, 2.0781641006469727, 2.035600185394287, 2.0573580265045166, 2.1043126583099365, 2.0468196868896484, 2.096775770187378, 2.0204403400421143, 2.022439479827881, 2.047919511795044, 2.106104850769043, 2.0413618087768555, 2.02540922164917, 2.04209303855896, 2.0465826988220215, 2.071650266647339, 2.086317777633667]}, "8002": {"1": [2.3107688426971436, 2.2861289978027344, 2.2758419513702393, 2.2820005416870117, 2.2429487705230713, 2.2627856731414795, 2.2011008262634277, 2.2158594131469727, 2.206373691558838, 2.2256245613098145, 2.156057119369507, 2.20747447013855, 2.2083210945129395, 2.1441397666931152, 2.2256088256835938, 2.1406474113464355, 2.2161812782287598, 2.165022611618042, 2.161367893218994, 2.080930233001709, 2.1745262145996094, 2.2124528884887695, 2.137521743774414, 2.158707618713379, 2.1603283882141113, 2.112799882888794, 2.0896482467651367, 2.1378333568573, 2.136657953262329, 2.1085939407348633, 2.1137442588806152, 2.060307741165161, 2.063352108001709], "2": [2.1150476932525635, 2.0404181480407715, 2.110370397567749, 2.150815010070801, 2.0980734825134277, 2.114192247390747, 2.0819573402404785, 2.0902979373931885, 2.0654425621032715, 2.070697069168091, 2.087353229522705, 2.077589750289917, 2.075103998184204, 2.063028335571289, 2.1529719829559326, 2.028822183609009, 2.147611379623413, 2.082003355026245, 2.0546822547912598, 1.9658303260803223, 2.1127965450286865, 2.1303277015686035, 2.038003921508789, 2.0818538665771484, 2.0676915645599365, 2.046459197998047, 1.9990838766098022, 2.046902894973755, 2.0618038177490234, 2.0220391750335693, 2.0352838039398193, 2.00553297996521, 1.971527099609375]}}