{"2": {"8006": {"1": [1.8288225694136186], "2": [1.797816074255741]}, "8000": {"1": [1.8286146467382258], "2": [1.8025676228783347]}}}