{
  "8001": {
    "1": [
      2.3071789741516113, 2.301024913787842, 2.3060412406921387,
      2.268052816390991, 2.2336535453796387, 2.254890203475952,
      2.260195016860962, 2.268253803253174, 2.2148311138153076,
      2.235102891921997, 2.2256979942321777, 2.157015323638916,
      2.205216646194458, 2.171097755432129, 2.1781070232391357,
      2.1676666736602783, 2.148142099380493, 2.134124994277954,
      2.1350605487823486, 2.1433463096618652, 2.102288246154785,
      2.1704044342041016, 2.117349863052368, 2.1597330570220947,
      2.089139461517334, 2.138180732727051, 2.1147241592407227,
      2.11220383644104, 2.1526317596435547, 2.11184024810791,
      2.0812158584594727, 2.1095848083496094, 2.12243914604187
    ],
    "2": [
      2.102372169494629, 2.10947585105896, 2.158822774887085,
      2.0468504428863525, 2.053354263305664, 2.073237895965576,
      2.1319687366485596, 2.1452279090881348, 2.1153738498687744,
      2.0942745208740234, 2.077143669128418, 2.0329947471618652,
      2.1231515407562256, 2.040004014968872, 2.056882858276367,
      2.1099648475646973, 2.0650813579559326, 2.0462799072265625,
      2.0706422328948975, 2.0919108390808105, 2.001600503921509,
      2.0786092281341553, 2.0212199687957764, 2.0794694423675537,
      2.0283334255218506, 2.0684375762939453, 2.05198335647583,
      2.0573511123657227, 2.1058521270751953, 2.0530409812927246,
      2.0400025844573975, 2.078493595123291, 2.033193826675415
    ]
  },
  "8000": {
    "1": [
      2.311750888824463, 2.2857964038848877, 2.294713258743286,
      2.2804439067840576, 2.2654545307159424, 2.225881576538086,
      2.2342703342437744, 2.232499361038208, 2.198310375213623,
      2.17292857170105, 2.2034456729888916, 2.16788649559021, 2.159539222717285,
      2.180689573287964, 2.2145273685455322, 2.209627628326416,
      2.153394937515259, 2.194396734237671, 2.1662371158599854,
      2.176270008087158, 2.1368391513824463, 2.1906471252441406,
      2.0726406574249268, 2.13896107673645, 2.1318109035491943,
      2.161808967590332, 2.1728105545043945, 2.1479897499084473,
      2.1169962882995605, 2.092695474624634, 2.1069836616516113,
      2.1124331951141357, 2.1027934551239014
    ],
    "2": [
      2.1431987285614014, 2.099745988845825, 2.0942764282226562,
      2.117617607116699, 2.1059305667877197, 2.1361024379730225,
      2.1177728176116943, 2.0933806896209717, 2.109691858291626,
      2.051523447036743, 2.080940008163452, 2.076256275177002,
      2.073763370513916, 2.0883870124816895, 2.0844852924346924,
      2.14186429977417, 2.0639588832855225, 2.1138553619384766,
      2.0768444538116455, 2.100083827972412, 2.0483970642089844,
      2.0896713733673096, 2.0306806564331055, 2.0452792644500732,
      2.0467677116394043, 2.096619129180908, 2.0959413051605225,
      2.061306953430176, 2.0246999263763428, 2.0181307792663574,
      2.0317087173461914, 2.0427749156951904, 2.0607197284698486
    ]
  }
}
