{
  "8005": {
    "1": [
      2.3041112422943115, 2.2882766723632812, 2.277353286743164,
      2.28092360496521, 2.2339835166931152, 2.2340569496154785,
      2.231349468231201, 2.2323479652404785, 2.2370524406433105,
      2.1843369007110596, 2.2059099674224854, 2.1565890312194824,
      2.210162401199341, 2.173718214035034, 2.181821346282959,
      2.1700563430786133, 2.1877450942993164, 2.0887980461120605,
      2.147846221923828, 2.154118061065674, 2.164029598236084,
      2.0932600498199463, 2.11674165725708, 2.1125690937042236,
      2.1526570320129395, 2.110649585723877, 2.1172754764556885,
      2.090090751647949, 2.0679478645324707, 2.096426248550415,
      2.0973970890045166, 2.135601282119751, 2.0214874744415283
    ],
    "2": [
      2.1092491149902344, 2.139050245285034, 2.1079113483428955,
      2.0934817790985107, 2.0956625938415527, 2.094289541244507,
      2.086747646331787, 2.104710102081299, 2.150573492050171,
      2.0923779010772705, 2.0971217155456543, 2.0741071701049805,
      2.1110808849334717, 2.0684473514556885, 2.055406093597412,
      2.0815858840942383, 2.096024513244629, 2.0536279678344727,
      2.016604423522949, 2.0644588470458984, 2.0987274646759033,
      2.017674446105957, 1.9783859252929688, 2.0792789459228516,
      2.091614007949829, 2.0286056995391846, 2.070645332336426,
      1.99574613571167, 1.9669772386550903, 2.0275795459747314,
      2.0624353885650635, 2.0974459648132324, 1.9757658243179321
    ]
  },
  "8004": {
    "1": [
      2.3143727779388428, 2.3069589138031006, 2.3007171154022217,
      2.2954485416412354, 2.2737722396850586, 2.265479326248169,
      2.2535388469696045, 2.2722625732421875, 2.2201292514801025,
      2.247598171234131, 2.184845447540283, 2.2057223320007324,
      2.2033302783966064, 2.1750006675720215, 2.1910054683685303,
      2.172544479370117, 2.1555123329162598, 2.1657958030700684,
      2.1521434783935547, 2.1738271713256836, 2.1868417263031006,
      2.095857620239258, 2.1089842319488525, 2.1351072788238525,
      2.1694955825805664, 2.131847381591797, 2.158306360244751,
      2.121760129928589, 2.141084909439087, 2.1335160732269287,
      2.126770496368408, 2.1176562309265137, 2.0389254093170166
    ],
    "2": [
      2.137049436569214, 2.1569936275482178, 2.1368987560272217,
      2.0959279537200928, 2.094597816467285, 2.1120352745056152,
      2.084474802017212, 2.1422340869903564, 2.1294143199920654,
      2.0923666954040527, 2.05667781829834, 2.08257794380188,
      2.0768356323242188, 2.0350093841552734, 2.1010873317718506,
      2.0396578311920166, 2.072648525238037, 2.060169219970703,
      2.0835602283477783, 2.09519362449646, 2.1011910438537598,
      2.010434865951538, 2.0495102405548096, 2.0690903663635254,
      2.0803287029266357, 2.075526237487793, 2.055563449859619,
      2.0868711471557617, 2.0707521438598633, 2.0435409545898438,
      2.0693740844726562, 2.0684168338775635, 1.9977295398712158
    ]
  }
}
