{"8003": {"1": [2.3103322982788086, 2.278519868850708, 2.2950754165649414, 2.2670392990112305, 2.248072624206543, 2.2822580337524414, 2.2270357608795166, 2.248379707336426, 2.1955769062042236, 2.1924586296081543, 2.2084338665008545, 2.2398197650909424, 2.202091932296753, 2.2015109062194824, 2.2187814712524414, 2.143974781036377, 2.1323423385620117, 2.1692450046539307, 2.1742465496063232, 2.171523094177246, 2.1972434520721436, 2.1107213497161865, 2.1732611656188965, 2.1267800331115723, 2.115309476852417, 2.14949631690979, 2.1525914669036865, 2.113905191421509, 2.128777027130127, 2.1583571434020996, 2.1268324851989746, 2.128314971923828, 2.1278178691864014], "2": [2.1567118167877197, 2.1451053619384766, 2.0869719982147217, 2.1146531105041504, 2.111790895462036, 2.1237471103668213, 2.102972984313965, 2.113013505935669, 2.0850014686584473, 2.093627452850342, 2.097259759902954, 2.0588936805725098, 2.090258836746216, 2.104576587677002, 2.1242966651916504, 2.0592057704925537, 2.0530595779418945, 2.071442127227783, 2.063546657562256, 2.0799145698547363, 2.089827060699463, 2.0477840900421143, 2.102916717529297, 2.0308165550231934, 2.031923770904541, 2.0428686141967773, 2.115204095840454, 2.061340570449829, 2.0899462699890137, 2.0859670639038086, 2.0842320919036865, 2.0433363914489746, 2.0884625911712646]}, "8002": {"1": [2.3081717491149902, 2.288703203201294, 2.2522053718566895, 2.2664527893066406, 2.2675976753234863, 2.2643580436706543, 2.2630889415740967, 2.2405383586883545, 2.235928535461426, 2.2635421752929688, 2.1790692806243896, 2.2064757347106934, 2.216778516769409, 2.14643931388855, 2.1886911392211914, 2.189720630645752, 2.245225667953491, 2.1899421215057373, 2.127988338470459, 2.087493419647217, 2.1707780361175537, 2.1992876529693604, 2.141815662384033, 2.1565935611724854, 2.147860527038574, 2.145116090774536, 2.1240575313568115, 2.151085376739502, 2.083970785140991, 2.100944995880127, 2.121983766555786, 2.076281785964966, 2.073961019515991], "2": [2.1790900230407715, 2.0945663452148438, 2.0886478424072266, 2.1553597450256348, 2.127821207046509, 2.125516176223755, 2.151711940765381, 2.1114890575408936, 2.109693765640259, 2.117321252822876, 2.0913848876953125, 2.066126585006714, 2.0774714946746826, 2.06148624420166, 2.112975597381592, 2.058227062225342, 2.1566672325134277, 2.0854532718658447, 2.041522264480591, 2.0007920265197754, 2.127969980239868, 2.1263790130615234, 2.052948474884033, 2.072524309158325, 2.0449724197387695, 2.0458881855010986, 2.0063138008117676, 2.099444627761841, 2.029935121536255, 2.036363124847412, 2.0404202938079834, 2.0335237979888916, 1.9813300371170044]}}