{"8005": {"1": [2.30464506149292, 2.299314022064209, 2.2838141918182373, 2.2568423748016357, 2.240213394165039, 2.240276336669922, 2.2070565223693848, 2.2268638610839844, 2.226257801055908, 2.21138072013855, 2.201472282409668, 2.1939046382904053, 2.2137491703033447, 2.196911334991455, 2.1734182834625244, 2.1758930683135986, 2.1945810317993164, 2.1252830028533936, 2.1808035373687744, 2.1204113960266113, 2.161590814590454, 2.132579803466797, 2.0737557411193848, 2.0997769832611084, 2.139319896697998, 2.1316659450531006, 2.126173734664917, 2.079228639602661, 2.068688154220581, 2.059772491455078, 2.1288578510284424, 2.105682849884033, 2.037775993347168], "2": [2.146843671798706, 2.1547985076904297, 2.117508888244629, 2.092364549636841, 2.0838656425476074, 2.1190924644470215, 2.0451533794403076, 2.1136691570281982, 2.1119635105133057, 2.107301950454712, 2.0975754261016846, 2.1194190979003906, 2.117356300354004, 2.1103029251098633, 2.079514265060425, 2.1163699626922607, 2.099531650543213, 2.0494604110717773, 2.0866191387176514, 2.0075764656066895, 2.0979862213134766, 2.028641939163208, 1.9822484254837036, 2.019184112548828, 2.093991279602051, 2.057274580001831, 2.0569005012512207, 2.000819683074951, 1.9809563159942627, 2.0093069076538086, 2.1026089191436768, 2.0607550144195557, 1.9838567972183228]}, "8004": {"1": [2.3100273609161377, 2.3005223274230957, 2.2615556716918945, 2.280651330947876, 2.253953218460083, 2.2681546211242676, 2.2667644023895264, 2.2554681301116943, 2.239784002304077, 2.2249183654785156, 2.2002334594726562, 2.2210469245910645, 2.221641778945923, 2.1876461505889893, 2.23355770111084, 2.152838706970215, 2.1553709506988525, 2.172569513320923, 2.195777654647827, 2.1491544246673584, 2.2045774459838867, 2.153986930847168, 2.09608793258667, 2.1574666500091553, 2.1387553215026855, 2.149623155593872, 2.144463539123535, 2.122880697250366, 2.141781806945801, 2.1201000213623047, 2.0947656631469727, 2.1493477821350098, 2.0894784927368164], "2": [2.1917526721954346, 2.163348436355591, 2.107010841369629, 2.1473615169525146, 2.1213982105255127, 2.1401307582855225, 2.1145591735839844, 2.0883843898773193, 2.1161487102508545, 2.0878374576568604, 2.0761258602142334, 2.128537178039551, 2.095600128173828, 2.0897562503814697, 2.1435396671295166, 2.028660774230957, 2.069138765335083, 2.0961060523986816, 2.1138110160827637, 2.091312885284424, 2.0959932804107666, 2.0396111011505127, 2.042839527130127, 2.0706095695495605, 2.0740463733673096, 2.081113815307617, 2.0870308876037598, 2.067805767059326, 2.1231603622436523, 2.056650161743164, 2.0500125885009766, 2.0600810050964355, 2.0163204669952393]}}