{"8001": {"1": [2.3168375492095947, 2.2757515907287598, 2.3040192127227783, 2.258995294570923, 2.238191604614258, 2.17398738861084, 2.2331857681274414, 2.2610082626342773, 2.2285444736480713, 2.195544719696045, 2.235050916671753, 2.217238187789917, 2.1751065254211426, 2.1505231857299805, 2.1948421001434326, 2.2153091430664062, 2.1412785053253174, 2.148106098175049, 2.1641929149627686, 2.181993246078491, 2.1322968006134033, 2.179474353790283, 2.1001265048980713, 2.1362414360046387, 2.105541706085205, 2.133012056350708, 2.113477945327759, 2.1339378356933594, 2.1581363677978516, 2.1102521419525146, 2.0858242511749268, 2.151991844177246, 2.128344774246216], "2": [2.125856637954712, 2.1133620738983154, 2.160433053970337, 2.058300256729126, 2.141343116760254, 2.1327579021453857, 2.1045124530792236, 2.1762406826019287, 2.1069746017456055, 2.0703303813934326, 2.127504587173462, 2.062755823135376, 2.0797624588012695, 2.038179397583008, 2.042442798614502, 2.108001947402954, 2.0919783115386963, 2.04670786857605, 2.0751709938049316, 2.101271152496338, 2.0529274940490723, 2.104081869125366, 2.028289318084717, 2.0496065616607666, 2.0241591930389404, 2.084962844848633, 2.0499539375305176, 2.0679266452789307, 2.0899503231048584, 2.059802770614624, 2.0590200424194336, 2.0538859367370605, 2.0461249351501465]}, "8000": {"1": [2.2890045642852783, 2.303494691848755, 2.2628095149993896, 2.2878599166870117, 2.271818161010742, 2.2652406692504883, 2.19455623626709, 2.237900733947754, 2.2261159420013428, 2.2113518714904785, 2.2101142406463623, 2.183042526245117, 2.1786835193634033, 2.2037057876586914, 2.191765546798706, 2.2002615928649902, 2.15730881690979, 2.1823103427886963, 2.160337209701538, 2.1569504737854004, 2.1487009525299072, 2.161590099334717, 2.0791656970977783, 2.142866611480713, 2.1967275142669678, 2.1460506916046143, 2.165736198425293, 2.111262321472168, 2.1118476390838623, 2.1135706901550293, 2.1352028846740723, 2.1371824741363525, 2.1705121994018555], "2": [2.1058120727539062, 2.135335683822632, 2.114501953125, 2.1360554695129395, 2.1117494106292725, 2.121347427368164, 2.14609956741333, 2.1113088130950928, 2.1275651454925537, 2.0620601177215576, 2.106351137161255, 2.0662741661071777, 2.0700747966766357, 2.110597610473633, 2.1053755283355713, 2.1350598335266113, 2.0751545429229736, 2.0786499977111816, 2.0604336261749268, 2.077622652053833, 2.0578935146331787, 2.090937614440918, 2.0087954998016357, 2.0629847049713135, 2.0794994831085205, 2.0596561431884766, 2.0898423194885254, 2.039768934249878, 2.020017147064209, 2.078350782394409, 2.0784807205200195, 2.0258584022521973, 2.0741584300994873]}}