{"8003": {"1": [2.2979605197906494, 2.2914023399353027, 2.2790560722351074, 2.2395179271698, 2.2490694522857666, 2.209298610687256, 2.2361457347869873, 2.2558376789093018, 2.1928868293762207, 2.2422118186950684, 2.182561159133911, 2.2386505603790283, 2.2032482624053955, 2.220423698425293, 2.2093400955200195, 2.1828393936157227, 2.1931204795837402, 2.1759676933288574, 2.148991823196411, 2.1635303497314453, 2.1584136486053467, 2.164142608642578, 2.166774034500122, 2.0856783390045166, 2.1559159755706787, 2.1450300216674805, 2.1493465900421143, 2.1426308155059814, 2.102334976196289, 2.2007949352264404, 2.1464176177978516, 2.1575937271118164, 2.1692965030670166], "2": [2.1508307456970215, 2.1601555347442627, 2.1032330989837646, 2.119112491607666, 2.1079118251800537, 2.1102499961853027, 2.1371188163757324, 2.138622999191284, 2.0597994327545166, 2.1209871768951416, 2.072251081466675, 2.1018471717834473, 2.092088222503662, 2.105384349822998, 2.1219191551208496, 2.0510053634643555, 2.078824281692505, 2.099630832672119, 2.086404800415039, 2.0790882110595703, 2.110672950744629, 2.034903049468994, 2.1182186603546143, 2.0271034240722656, 2.0546603202819824, 2.075073719024658, 2.117614984512329, 2.0354018211364746, 2.0484673976898193, 2.133064031600952, 2.031968593597412, 2.05513858795166, 2.093329906463623]}, "8002": {"1": [2.2831268310546875, 2.2860653400421143, 2.262742519378662, 2.2884023189544678, 2.269608974456787, 2.2547638416290283, 2.237070083618164, 2.2275097370147705, 2.1851141452789307, 2.2057881355285645, 2.2149498462677, 2.17025089263916, 2.174119710922241, 2.149517059326172, 2.238471508026123, 2.1624257564544678, 2.223865032196045, 2.1650795936584473, 2.170457601547241, 2.144043445587158, 2.1269569396972656, 2.1899619102478027, 2.1617488861083984, 2.150649070739746, 2.1627748012542725, 2.1213173866271973, 2.0875000953674316, 2.1625750064849854, 2.1475331783294678, 2.1332263946533203, 2.1175825595855713, 2.062305450439453, 2.09208345413208], "2": [2.1592342853546143, 2.125779390335083, 2.103076219558716, 2.2135891914367676, 2.1091296672821045, 2.117906093597412, 2.081805467605591, 2.1149377822875977, 2.113524913787842, 2.0916082859039307, 2.121227741241455, 2.0765984058380127, 2.0977466106414795, 2.0617012977600098, 2.1494033336639404, 2.0364646911621094, 2.1771697998046875, 2.0794482231140137, 2.080782175064087, 2.040586233139038, 2.095325231552124, 2.1242387294769287, 2.0575575828552246, 2.0554354190826416, 2.0616555213928223, 2.029583215713501, 2.0205790996551514, 2.092398166656494, 2.061509132385254, 2.037360191345215, 2.0350091457366943, 2.0314509868621826, 2.0170791149139404]}}