{"8002": {"1": [2.055980682373047, 1.9637271165847778, 1.9903901815414429, 2.0956625938415527, 2.0598647594451904, 2.025655508041382, 2.036954641342163, 2.030790328979492, 1.9980980157852173, 1.9919439554214478, 2.054212808609009, 2.0180115699768066, 2.0490212440490723, 2.006523370742798, 2.0984294414520264, 2.000227451324463, 2.0890774726867676, 2.0344207286834717, 1.9868299961090088, 1.940751552581787, 2.0175065994262695, 2.0969223976135254, 1.9450206756591797, 2.007246255874634, 2.010058879852295, 1.9936143159866333, 1.9727178812026978, 1.9874041080474854, 2.033656597137451, 1.9569555521011353, 2.0147318840026855, 1.9788818359375, 1.9360930919647217], "2": [2.0241951942443848, 1.954288125038147, 1.9222252368927002, 2.018827438354492, 2.007755994796753, 2.014000415802002, 1.9715466499328613, 1.9569711685180664, 1.9545769691467285, 1.942655086517334, 1.9997406005859375, 1.9832432270050049, 1.9635823965072632, 1.9258233308792114, 2.0322132110595703, 1.9398930072784424, 2.0392355918884277, 1.991776943206787, 1.9222897291183472, 1.90248441696167, 1.9536679983139038, 2.04426908493042, 1.9201101064682007, 1.9452242851257324, 1.9520922899246216, 1.9517698287963867, 1.9212963581085205, 1.9520933628082275, 1.9908596277236938, 1.942463755607605, 1.9593416452407837, 1.9350982904434204, 1.8674627542495728]}, "8007": {"1": [2.044083595275879, 2.0069291591644287, 2.0416178703308105, 2.0662899017333984, 1.9777626991271973, 2.032827854156494, 1.9589046239852905, 2.0670292377471924, 1.9911202192306519, 2.02130389213562, 2.075305461883545, 2.068443536758423, 2.0773913860321045, 2.039140224456787, 1.9824696779251099, 2.0382306575775146, 1.9954028129577637, 2.046100378036499, 2.0296804904937744, 2.009007215499878, 2.0384764671325684, 2.0561459064483643, 2.055022954940796, 2.0581166744232178, 2.0549912452697754, 1.9838526248931885, 2.024401903152466, 2.032989501953125, 2.047499179840088, 2.057957410812378, 2.058091878890991, 1.9963350296020508, 2.014615774154663], "2": [1.9671764373779297, 1.9930251836776733, 1.9904417991638184, 2.0076470375061035, 1.9598040580749512, 1.9870346784591675, 1.9152560234069824, 2.0379600524902344, 1.9709436893463135, 1.9934098720550537, 2.019982099533081, 2.00095796585083, 1.9873466491699219, 1.9696295261383057, 1.949785828590393, 1.9488818645477295, 1.9316869974136353, 1.9625340700149536, 1.9643198251724243, 1.9621543884277344, 1.9734132289886475, 2.0004422664642334, 1.9616819620132446, 1.9929195642471313, 1.993882656097412, 1.9542286396026611, 1.9826828241348267, 1.9873098134994507, 1.990122675895691, 1.968462586402893, 2.0315635204315186, 1.9776535034179688, 1.9891281127929688]}}