{"2": {"8003": {"1": [1.8147560538667622], "2": [1.7870550986492273]}, "8007": {"1": [1.8624132799379753], "2": [1.8275311173814717]}}}