{"3": {"8004": {"1": [1.787580045786771, 1.7472083812410182, 1.716312671249563, 1.6897082112052224, 1.6638701856136322, 1.6412290036678314, 1.6296886070208116, 1.616678151217374, 1.6032003868709912, 1.590899410572919], "2": [1.6433507014404645, 1.6230463466861031, 1.6108019351959229, 1.596040666103363, 1.5838249136101117, 1.5765539705753326, 1.565221436999061, 1.5621833963827654, 1.5607966916127638, 1.554504557089372], "3": [1.5876595296642997, 1.576146892525933, 1.5704121725125746, 1.5588186572898517, 1.5542999343438582, 1.5468808710575104, 1.5424507558345795, 1.5370226204395294, 1.539463766596534, 1.53519745035605]}, "8006": {"1": [1.699327831918543, 1.6585315357555042, 1.631802878596566, 1.6071800806305625, 1.5918886742808602, 1.5765891508622603, 1.5704385177655653, 1.5604027590968392, 1.5555043003775857, 1.546757467768409], "2": [1.5999758812514218, 1.5824724327434192, 1.563882659782063, 1.5573316243561832, 1.5510085441849448, 1.5422296632419934, 1.536056567322124, 1.5343950661745938, 1.5330142622644252, 1.5260409766977483], "3": [1.5553447902202606, 1.545741314237768, 1.5403273918411948, 1.533552733334628, 1.5286933535879308, 1.5237445506182583, 1.5211083563891323, 1.5168208208951084, 1.517069773240523, 1.5148458020253615]}}}