{"2": {"8001": {"1": [1.7901305176995017, 1.7329613674770703, 1.696509916674007, 1.663100928068161, 1.6396492015231738, 1.6152776371348987, 1.6003313904458827, 1.589352623982863, 1.5789181806824424, 1.5707039507952603], "2": [1.6384734999049793, 1.6077430790120906, 1.5886885144493796, 1.5733227350495078, 1.5691874840042808, 1.5566147863864899, 1.552068528803912, 1.5452572459524327, 1.5390801646492698, 1.541667103767395], "3": [1.5791178752075543, 1.564479017799551, 1.5543352473865857, 1.5485052872787823, 1.5408624627373435, 1.5397977395491167, 1.5334375609051099, 1.5304662422700361, 1.5270306224172765, 1.527265104380521]}, "8004": {"1": [1.8582750721411272, 1.8058203702623195, 1.7639607922597365, 1.7266301837834446, 1.6992521638220006, 1.6762882579456677, 1.6537120233882556, 1.6392305628819899, 1.6236223605546085, 1.6064168268984014], "2": [1.674612519415942, 1.6525089984590358, 1.6269970752976157, 1.6112536029382185, 1.594158110293475, 1.5849390869790858, 1.5780870047482578, 1.5687949467789044, 1.5667769827625968, 1.5612198547883467], "3": [1.6047496307979932, 1.5852666172114285, 1.5782942257144235, 1.5666794207963077, 1.557191865010695, 1.5475820628079502, 1.5472034866159612, 1.5451182939789512, 1.5416093197735874, 1.5379779826511035]}}}