{
  "3": {
    "8003": {
      "1": [
        1.8450193802515666, 1.801056688482111, 1.757520520325863,
        1.732455242763866, 1.7013328942385586, 1.679029562256553,
        1.6579681996143225, 1.6473076849272756, 1.6259556936495232,
        1.6138248949339895, 1.6056157675656406, 1.5964096784591675,
        1.5858778592311975, 1.5802510434930974, 1.5735119292230317,
        1.5638485930182717, 1.5641369964137222, 1.5584692918893062,
        1.550568269960808, 1.5531599015900583
      ],
      "2": [
        1.6729689692005967, 1.6332516778599133, 1.6003552350130947,
        1.5850071437431104, 1.578010548244823, 1.5648415341521755,
        1.5558403333028157, 1.5464716571750063, 1.542073029460329,
        1.5442640095046072, 1.5353681896672104, 1.53575138612227,
        1.53099668748451, 1.5282522692824856, 1.5277325131676414,
        1.5252792221127134, 1.5205458727749912, 1.5207023692853523,
        1.5243473558714895, 1.5175823912476047
      ],
      "3": [
        1.5922168095906575, 1.5577345616889722, 1.5377344254291418,
        1.5344202807455352, 1.5283829949118874, 1.5256395195469712,
        1.520866137562376, 1.5139763752619426, 1.516906940575802,
        1.5144433469483347, 1.5137300527457036, 1.513491811174335,
        1.5105672605109937, 1.510488596829501, 1.510356032487118,
        1.5080270839459968, 1.5060288978345466, 1.506400805531126,
        1.5065630999478428, 1.5058337377779412
      ]
    },
    "8000": {
      "1": [
        2.3387397130330405, 2.3411824414224336, 2.3383082765521426,
        2.3348429203033447, 2.3382416421716865, 2.3375462835485283,
        2.342118841229063, 2.338997811982126, 2.3440494392857407,
        2.3464689182512686, 2.342723882559574, 2.337981498602665,
        2.334347407023112, 2.3424165537863066, 2.3399837667291816,
        2.344691717263424, 2.3417964415116743, 2.335711233543627,
        2.3341157147378633, 2.333639571160981
      ],
      "2": [
        2.3369411771947686, 2.340675122810133, 2.3475056995045054,
        2.3354300079923687, 2.339152191624497, 2.339543935024377,
        2.3287433638717188, 2.339518915523182, 2.336135553591179,
        2.3379376223593047, 2.338739012226914, 2.340472279172955,
        2.33803721630212, 2.3320948860862036, 2.331335934725675,
        2.333759893070568, 2.3369744979973994, 2.339757052334872,
        2.3362766323667583, 2.3358229434851445
      ],
      "3": [
        2.3364824092749394, 2.3388183622649223, 2.3356266744209058,
        2.3355120890068286, 2.3290535608927407, 2.3403311714981543,
        2.3328359416036895, 2.3329340761358086, 2.3307342529296875,
        2.338308500521111, 2.3342565189708364, 2.3375539129430596,
        2.337691408215147, 2.3312237840710264, 2.330523902719671,
        2.3346146670254795, 2.3361218770345054, 2.3326930277275317,
        2.3300252827731045, 2.3366106856953013
      ]
    }
  },
  "5": {
    "8002": {
      "1": [
        2.3474751530271587, 2.3448840993823428, 2.3439650607831553,
        2.3440636215787944, 2.338186061743534, 2.3392114711530283,
        2.344805739142678, 2.3433948863636362, 2.3275919105067397,
        2.334052548264012, 2.3286424188902886, 2.330413970080289,
        2.332404678518122, 2.331082582473755, 2.3291109764214717,
        2.326434092088179, 2.3232775167985396, 2.317637385744037,
        2.315455920768507, 2.307792808070327
      ],
      "2": [
        2.3306336547389175, 2.315945278514515, 2.316288543469978,
        2.3160582238977607, 2.30928981665409, 2.310188900340687,
        2.309737559520837, 2.3083539298086455, 2.3103091066533867,
        2.3089038530985513, 2.3111281250462388, 2.309653549483328,
        2.3103277827754165, 2.307743939486417, 2.3063425945513174,
        2.306516596765229, 2.308786471684774, 2.3079121185071543,
        2.3121123386151865, 2.310205654664473
      ],
      "3": [
        2.3100994500246914, 2.3070338567097983, 2.3119668743827124,
        2.313611601338242, 2.310268207029863, 2.31228883338697,
        2.3060110699046743, 2.307153181596236, 2.304927356315382,
        2.3048804890025747, 2.3054009567607534, 2.305628285263524,
        2.308080817713882, 2.3059531486395635, 2.3078772804953833,
        2.306953271230062, 2.309928409981005, 2.30403665340308,
        2.306344176783706, 2.3071607315179072
      ]
    },
    "8006": {
      "1": [
        2.3487808487632056, 2.3439885125015723, 2.344723506407304,
        2.3420992836807715, 2.3441530935692065, 2.34412196188262,
        2.3370879924658574, 2.3404260620926367, 2.340847159876968,
        2.339724822477861, 2.332289536794027, 2.3340694615335176,
        2.3363820567275537, 2.3414740562438965, 2.339266907085072,
        2.3408065275712446, 2.344089898196134, 2.3347672549161045,
        2.341256791895086, 2.33957568804423
      ],
      "2": [
        2.3246248924370967, 2.3206117803400215, 2.317364028005889,
        2.3146012768600928, 2.3148890697594844, 2.308318369316332,
        2.3085820602648184, 2.3087708299810235, 2.308136918328025,
        2.3079228906920464, 2.308130054762869, 2.3075012582721133,
        2.3054378321676543, 2.3059930006663003, 2.3045676982764043,
        2.306656591819994, 2.3074376583099365, 2.307079228487882,
        2.3051812576525137, 2.304890517032508
      ],
      "3": [
        2.306669805989121, 2.308324524850556, 2.3065894083543257,
        2.3103526072068648, 2.3060062220602324, 2.3065205704082143,
        2.3076499736670293, 2.306802677385735, 2.306883681904186,
        2.3051009611649946, 2.305749033436631, 2.3075990243391558,
        2.307400334965099, 2.3057045286351983, 2.3044848514325693,
        2.3048848672346636, 2.3083352970354483, 2.3077519517956357,
        2.3123570788990366, 2.308537056951812
      ]
    }
  }
}
