{
  "2": {
    "8006": {
      "1": [
        2.327595754103227, 2.3320844462423613, 2.32661391027046,
        2.332790338631832, 2.334306738593362, 2.3286666870117188,
        2.3268979318214185, 2.3258093053644355, 2.3301405978925303,
        2.332587653940374, 2.3309624845331367, 2.328976717862216,
        2.3306832458033706, 2.3265155734437886, 2.3374468919002647,
        2.327553062727957, 2.3274742256511343, 2.331177451393821,
        2.328559210806182, 2.323694373622085
      ],
      "2": [
        2.32737685694839, 2.319850813258778, 2.32889816977761,
        2.3195150621009595, 2.320422786654848, 2.3232205925565776,
        2.323837901606704, 2.3261253689274644, 2.3269507668235083,
        2.323841268366033, 2.3259372349941367, 2.3242790193268745,
        2.320387009418372, 2.3273877808541963, 2.324165206966978,
        2.323725447510228, 2.326755653728138, 2.32206662495931,
        2.3241000536716347, 2.323250011964278
      ],
      "3": [
        2.320454048387932, 2.321780204772949, 2.322399854660034,
        2.3187469424623433, 2.3213861638849433, 2.322991400054007,
        2.3178401426835493, 2.320224834210945, 2.3224175048596933,
        2.320012020342278, 2.319029547951438, 2.3162916790355337,
        2.3210162538470644, 2.321860291741111, 2.315947337584062,
        2.316436211268107, 2.3217837449276084, 2.3197152903585723,
        2.319258639306733, 2.31794032906041
      ]
    },
    "8004": {
      "1": [
        2.3277131499666157, 2.33128919023456, 2.3348695437113443,
        2.3289074030789463, 2.329306580803611, 2.333833600535537,
        2.329379905353893, 2.3268530874541313, 2.3229613015145967,
        2.331409634965839, 2.3321918790990654, 2.329702189474395,
        2.3296300353425923, 2.3320828062115293, 2.3369136001124526,
        2.3279212026885063, 2.323574766968236, 2.3333114710721103,
        2.321250698783181, 2.3295386921275747
      ],
      "2": [
        2.3266751910700942, 2.322705146038171, 2.330059867916685,
        2.3272548588839443, 2.325947978279807, 2.325919635368116,
        2.3252593459505024, 2.3251355489095054, 2.325217449303829,
        2.3281437050212515, 2.3279327118035518, 2.3240768548214072,
        2.3249881917780097, 2.325719840598829, 2.321513638351903,
        2.319649718024514, 2.329781012101607, 2.325792478792595,
        2.3252678856705176, 2.3253743359536836
      ],
      "3": [
        2.3262491804180723, 2.3208085334662236, 2.3268750508626304,
        2.321175849798954, 2.3177570140723027, 2.3253095222241953,
        2.322420532053167, 2.3213393037969414, 2.320449872450395,
        2.3206760955579355, 2.326208584236376, 2.3252267187291924,
        2.3219000281709614, 2.3232196750062886, 2.3180273590665874,
        2.3229166811162774, 2.322933644959421, 2.324314074082808,
        2.319697683507746, 2.3189153310024375
      ]
    }
  },
  "5": {
    "8007": {
      "1": [
        1.787106813806476, 1.7551443287820527, 1.7093121102361968,
        1.6857012582547737, 1.6609547427206328, 1.645980715751648,
        1.6331052924647476, 1.615830685153152, 1.604764374819669,
        1.5972286824024085, 1.585087447455435, 1.5777081901376897,
        1.574025981353991, 1.5678334344517102, 1.5609590645992395,
        1.558467427889506, 1.5546254461461848, 1.5533137213100086,
        1.5438491611769705, 1.5443064696861035
      ],
      "2": [
        1.6079054709636804, 1.5912976734565967, 1.5741357153112239,
        1.5635401624621768, 1.5634093862591367, 1.552265344244061,
        1.5496397451920942, 1.5441778717619, 1.5360180139541626,
        1.5338316794597742, 1.534194585048791, 1.5280206925941235,
        1.5232196107055203, 1.523659272627397, 1.5237273664185496,
        1.5208207152106545, 1.518340295011347, 1.5175840963016858,
        1.5182809143355398, 1.514501033407269
      ],
      "3": [
        1.547147147583239, 1.543314572536584, 1.5342836018764612,
        1.5243006005431667, 1.5214963898514255, 1.5212493593042546,
        1.518681490060055, 1.5197782949967817, 1.5155416076833552,
        1.5158330021482525, 1.510454661918409, 1.5098013877868652,
        1.5059340867129238, 1.507206136530096, 1.5040411479545361,
        1.5044655149633235, 1.5048129052826853, 1.5041787696607185,
        1.5007833856524844, 1.4988050677559592
      ]
    },
    "8003": {
      "1": [
        1.7239184524073745, 1.6794177077033303, 1.6577226393150561,
        1.6252267866423635, 1.602402585925478, 1.5889719327290852,
        1.5738348780256328, 1.5656756379387595, 1.5541777683026863,
        1.550302429632707, 1.5435067342989373, 1.5319883426030476,
        1.5326359994483716, 1.5277698690241033, 1.5236619169061834,
        1.521099935878407, 1.5188769535584883, 1.5154500513365774,
        1.511116912870696, 1.5101722514990605
      ],
      "2": [
        1.5674978386272083, 1.5508624279137813, 1.537267298409433,
        1.5332425471508142, 1.5255862402193474, 1.5186090469360352,
        1.516013958237388, 1.5122176878380054, 1.5106215621485855,
        1.5105791778275461, 1.5096745346531724, 1.5077600912614302,
        1.5055529348778003, 1.5061336828000618, 1.5043837301658862,
        1.5046183918461655, 1.4988046234304255, 1.5008581334894353,
        1.4978351990381877, 1.4954679265166775
      ],
      "3": [
        1.5238680875662602, 1.519052317648223, 1.510310714895075,
        1.5043832605535334, 1.5014858534841826, 1.5037815317963108,
        1.4990980625152588, 1.5004247390862666, 1.4987883278817842,
        1.496317289092324, 1.4960877534114954, 1.4947831666830815,
        1.4951153235001997, 1.492591193228057, 1.4920189850258105,
        1.4931302178989758, 1.4915539676492864, 1.4929813002095078,
        1.4926841006134495, 1.4928781083135894
      ]
    }
  },
  "6": {
    "8009": {
      "1": [
        1.6820834730610703, 1.6366786740042947, 1.6099516261707654,
        1.5880673654151685, 1.574152440735788, 1.5583222345872358,
        1.5473689238230388, 1.5412921544277307, 1.5292346116268274,
        1.5320270639477354, 1.521761178970337, 1.517295418363629,
        1.5158691189505837, 1.5140808603980325, 1.5140230511174058,
        1.5100167339498347, 1.5055766792008372, 1.509126153859225,
        1.506390018896623, 1.5017504258589311
      ],
      "2": [
        1.5718551007184116, 1.542704047578754, 1.5218559864795569,
        1.518862854350697, 1.513702630996704, 1.5159027142958208,
        1.5062118299079663, 1.5036104773030137, 1.5001483324802283,
        1.5022911411343198, 1.500132275350166, 1.500959342176264,
        1.4990837862997344, 1.4981134443572073, 1.497634035168272,
        1.4951784321756074, 1.492568608486291, 1.4950982874090022,
        1.492475278449781, 1.4922587835427485
      ],
      "3": [
        1.5302970481641365, 1.5104730093117915, 1.5047340429190434,
        1.5014732750979336, 1.4957068797313806, 1.5020313299063481,
        1.495920054840319, 1.4951191345850627, 1.4914073871843743,
        1.4924974730520537, 1.4906349146004878, 1.4912590113553135,
        1.4896201401045828, 1.4894422834569758, 1.49105847604347,
        1.4897620244459673, 1.4879576329028967, 1.486678553350044,
        1.48784749435656, 1.4905371015722102
      ]
    },
    "8004": {
      "1": [
        2.342964613076412, 2.3475928523323755, 2.3470990296566123,
        2.3390391523187812, 2.3437637199055064, 2.343063954151038,
        2.338801116654367, 2.337630105741096, 2.3366773850990064,
        2.3371978095083525, 2.3419426426743017, 2.3374652356812446,
        2.333838433930368, 2.3315199649695195, 2.3344694195371685,
        2.335145263960867, 2.339071100408381, 2.3339626861341074,
        2.337136745452881, 2.342434854218454
      ],