{"2": {"8004": {"1": [1.965865625275506, 1.8784499963124592, 1.8139192793104384], "2": [1.833404713206821, 1.7777717378404405, 1.721289873123169], "3": [1.7346016036139593, 1.7010090351104736, 1.6699469089508057]}, "8001": {"1": [2.0654097663031683, 1.9775379498799641, 1.8993581665886774], "2": [1.9127751456366644, 1.8554305235544841, 1.802364667256673], "3": [1.8252291414472792, 1.7693978548049927, 1.7342382272084553]}}}