{"2": {"8005": {"1": [1.7144643312150782], "2": [1.6974946477196433]}, "8008": {"1": [1.782308275049383], "2": [1.7499456703662872]}}}