{"8001": {"1": [2.3214993476867676, 2.297640562057495, 2.281991481781006, 2.2795703411102295, 2.2663915157318115, 2.2696104049682617, 2.260322332382202, 2.2572762966156006, 2.2249865531921387, 2.2316629886627197, 2.1898322105407715, 2.1907429695129395, 2.2220122814178467, 2.18975567817688, 2.180786609649658, 2.1757800579071045, 2.1549315452575684, 2.1456551551818848, 2.1503162384033203, 2.1739699840545654, 2.0905370712280273, 2.1675493717193604, 2.122063398361206, 2.1877009868621826, 2.1333186626434326, 2.1349024772644043, 2.145092248916626, 2.172826051712036, 2.166430711746216, 2.1077816486358643, 2.114532232284546, 2.130762815475464, 2.082127571105957], "2": [2.1334996223449707, 2.11028790473938, 2.149080514907837, 2.0933330059051514, 2.1004703044891357, 2.143348217010498, 2.0938162803649902, 2.1670546531677246, 2.120065927505493, 2.0795137882232666, 2.092407464981079, 2.1106643676757812, 2.1246256828308105, 2.075678586959839, 2.080749034881592, 2.0760819911956787, 2.08952260017395, 2.0756618976593018, 2.048884868621826, 2.1286473274230957, 1.9899861812591553, 2.111751079559326, 2.0481393337249756, 2.092081308364868, 2.0354413986206055, 2.066763401031494, 2.073366165161133, 2.093205451965332, 2.1003406047821045, 2.0655431747436523, 2.025324821472168, 2.039746046066284, 1.9924418926239014]}, "8000": {"1": [2.320111036300659, 2.2844011783599854, 2.2781686782836914, 2.2620484828948975, 2.2491161823272705, 2.263652801513672, 2.276073455810547, 2.2207155227661133, 2.220266580581665, 2.19954514503479, 2.2031290531158447, 2.2341065406799316, 2.172898054122925, 2.1985816955566406, 2.2147860527038574, 2.205622911453247, 2.160757064819336, 2.1728010177612305, 2.17964243888855, 2.1527276039123535, 2.1383204460144043, 2.187201976776123, 2.13757586479187, 2.142580986022949, 2.13456654548645, 2.132133960723877, 2.1310548782348633, 2.1040759086608887, 2.097576856613159, 2.0672290325164795, 2.1120765209198, 2.110928773880005, 2.1606850624084473], "2": [2.135772228240967, 2.1290011405944824, 2.105325937271118, 2.1260812282562256, 2.109004259109497, 2.138848066329956, 2.1419167518615723, 2.1012678146362305, 2.1058120727539062, 2.0630552768707275, 2.0925018787384033, 2.0838723182678223, 2.032167673110962, 2.10506272315979, 2.0706279277801514, 2.1295158863067627, 2.0362606048583984, 2.08955717086792, 2.0565736293792725, 2.0965640544891357, 2.054332733154297, 2.087571382522583, 2.0265045166015625, 2.0738203525543213, 2.0687198638916016, 2.074739933013916, 2.073274850845337, 2.0589041709899902, 2.0218958854675293, 2.0285544395446777, 2.05560302734375, 2.0419528484344482, 2.049384117126465]}}