{"8001": {"1": [2.322587013244629, 2.282038688659668, 2.3056132793426514, 2.2502715587615967, 2.2409303188323975, 2.2055530548095703, 2.2355942726135254, 2.229736089706421, 2.2058489322662354, 2.1715404987335205, 2.2179512977600098, 2.1742656230926514, 2.196347236633301, 2.159520387649536, 2.1735119819641113, 2.1979479789733887, 2.1415293216705322, 2.1374011039733887, 2.1656858921051025, 2.1684181690216064, 2.132208824157715, 2.2004480361938477, 2.1229565143585205, 2.175154447555542, 2.117494583129883, 2.1440582275390625, 2.1266684532165527, 2.1366734504699707, 2.1703314781188965, 2.1068108081817627, 2.121941566467285, 2.127103328704834, 2.1596243381500244], "2": [2.084019899368286, 2.0817480087280273, 2.1701645851135254, 2.03894305229187, 2.049861192703247, 2.061605453491211, 2.0929605960845947, 2.1659977436065674, 2.106041431427002, 2.0336689949035645, 2.0882186889648438, 2.0407612323760986, 2.1007986068725586, 2.036748170852661, 2.0713694095611572, 2.0905895233154297, 2.072650671005249, 2.059443950653076, 2.0887508392333984, 2.071042060852051, 2.0147743225097656, 2.129563093185425, 2.0747852325439453, 2.0635902881622314, 2.0483720302581787, 2.102475166320801, 2.07181978225708, 2.069310426712036, 2.0842950344085693, 2.0668232440948486, 2.0229525566101074, 2.038809061050415, 2.0268471240997314]}, "8000": {"1": [2.2969231605529785, 2.30367112159729, 2.290053129196167, 2.2643394470214844, 2.25276255607605, 2.218493700027466, 2.2655458450317383, 2.2066545486450195, 2.2389519214630127, 2.190629482269287, 2.1899452209472656, 2.1736371517181396, 2.1404433250427246, 2.2102715969085693, 2.197065591812134, 2.220848798751831, 2.186609983444214, 2.180117607116699, 2.1652395725250244, 2.130354642868042, 2.1513946056365967, 2.189815044403076, 2.1078848838806152, 2.1490426063537598, 2.164795398712158, 2.1534435749053955, 2.1782195568084717, 2.104793071746826, 2.0934953689575195, 2.104672431945801, 2.112597942352295, 2.121450662612915, 2.1592631340026855], "2": [2.1297848224639893, 2.090825080871582, 2.0422046184539795, 2.1019768714904785, 2.0623533725738525, 2.128269672393799, 2.138786792755127, 2.0816705226898193, 2.095693588256836, 2.0375640392303467, 2.112582206726074, 2.090784788131714, 2.0343613624572754, 2.105548620223999, 2.0584962368011475, 2.1141772270202637, 2.031958818435669, 2.0856525897979736, 2.082385301589966, 2.074636220932007, 2.0446784496307373, 2.073370933532715, 2.012270927429199, 2.06833815574646, 2.049001693725586, 2.0538532733917236, 2.079054832458496, 2.057804822921753, 2.0377635955810547, 2.0093581676483154, 2.0693230628967285, 2.023430109024048, 2.062000274658203]}}