{"1": {"8005": {"1": [2.161249350417744], "2": [2.0463393466039137]}, "8004": {"1": [2.157943833958019], "2": [2.036717051809484]}}}