{"2": {"8004": {"1": [1.9920271987264806], "2": [1.9482296380129727]}, "8008": {"1": [2.019903142343868], "2": [1.9638024378906598]}}}