{
  "8003": {
    "1": [
      2.311439037322998, 2.2897698879241943, 2.281597852706909,
      2.247028350830078, 2.2777047157287598, 2.2398836612701416,
      2.240657329559326, 2.208789587020874, 2.1901819705963135,
      2.2036683559417725, 2.191335439682007, 2.185086488723755,
      2.195528268814087, 2.2064735889434814, 2.1692609786987305,
      2.1083436012268066, 2.1515748500823975, 2.154109001159668,
      2.1241416931152344, 2.1645519733428955, 2.1794252395629883,
      2.1366660594940186, 2.185997247695923, 2.0771450996398926,
      2.0840985774993896, 2.087908983230591, 2.1750831604003906,
      2.1329705715179443, 2.134336233139038, 2.1686675548553467,
      2.141519784927368, 2.132965326309204, 2.161835193634033
    ],
    "2": [
      2.105454206466675, 2.1264076232910156, 2.116117000579834,
      2.1210057735443115, 2.1267242431640625, 2.1336002349853516,
      2.106649875640869, 2.1050922870635986, 2.069566011428833,
      2.0780532360076904, 2.0565195083618164, 2.1059398651123047,
      2.1249067783355713, 2.0739572048187256, 2.1157479286193848,
      2.0391945838928223, 2.081602096557617, 2.066148042678833,
      2.07474946975708, 2.0832338333129883, 2.1076183319091797,
      2.0383708477020264, 2.119945526123047, 2.002774953842163,
      2.031463623046875, 2.040929079055786, 2.116854190826416,
      2.042478322982788, 2.0461525917053223, 2.1115338802337646,
      2.0988810062408447, 2.0417330265045166, 2.0941216945648193
    ]
  },
  "8002": {
    "1": [
      2.3139898777008057, 2.2977421283721924, 2.271183490753174,
      2.2699520587921143, 2.2516770362854004, 2.2524614334106445,
      2.2475779056549072, 2.2225873470306396, 2.1870498657226562,
      2.214416027069092, 2.213197946548462, 2.202035665512085,
      2.1749775409698486, 2.169720411300659, 2.217388153076172,
      2.1357204914093018, 2.234459400177002, 2.161694049835205,
      2.1412954330444336, 2.123555898666382, 2.1366944313049316,
      2.2029941082000732, 2.1558849811553955, 2.1693735122680664,
      2.1541380882263184, 2.1258955001831055, 2.1103875637054443,
      2.1376914978027344, 2.146049976348877, 2.0963737964630127,
      2.1375808715820312, 2.0861849784851074, 2.0915064811706543
    ],
    "2": [
      2.1605520248413086, 2.1699652671813965, 2.10294246673584,
      2.1754865646362305, 2.117140531539917, 2.116847038269043,
      2.09678053855896, 2.1179656982421875, 2.105018138885498,
      2.0857534408569336, 2.143178701400757, 2.087324619293213,
      2.0820977687835693, 2.0912117958068848, 2.1502609252929688,
      2.0251872539520264, 2.134286642074585, 2.109257459640503,
      2.0335466861724854, 2.046069860458374, 2.0747547149658203,
      2.1151576042175293, 2.0175225734710693, 2.0530474185943604,
      2.037999153137207, 2.0580639839172363, 2.023465394973755,
      2.0912649631500244, 2.053196907043457, 2.046657085418701,
      2.05985951423645, 2.0120203495025635, 2.0128865242004395
    ]
  }
}
