{
  "1": {
    "8003": {
      "1": [
        2.1934950640707305, 2.061030955025644, 1.984107165625601,
        1.9335523121284717, 1.889491167935458, 1.8434236374768345,
        1.8107727946657124, 1.7812058456016309, 1.7514496246973674,
        1.7263227917931296, 1.7048107421759404, 1.682127352916833,
        1.6646808060732754, 1.6491077054630627, 1.6354394681525952,
        1.6223487781755852, 1.608921184684291, 1.5971252448631055,
        1.5881320707725757, 1.5813103697516702
      ],
      "2": [
        1.8393464016191887, 1.7250509948441477, 1.6711104891516946,
        1.6338728738553596, 1.6164937994696877, 1.5949167916269014,
        1.5823189851009485, 1.5711857369451812, 1.5631537401314937,
        1.556742054043394, 1.5490299246527932, 1.5397352052457405,
        1.5387161789518413, 1.5339158954042378, 1.526974042256673,
        1.5251461303595342, 1.526865345059019, 1.5245984684337268,
        1.519541809053132, 1.514725067398765
      ],
      "3": [
        1.6774397438222712, 1.5850890080134075, 1.5530988881082246,
        1.5449145056984641, 1.5338300502661504, 1.5281007109266338,
        1.5230181325565686, 1.5198079058618257, 1.5151774594278047,
        1.5105939236554233, 1.510401639071378, 1.5090029528646758,
        1.5048738140048403, 1.5046537319819133, 1.5042117472850915,
        1.502570780840787, 1.501089576518897, 1.4988995537613377,
        1.4997246807271785, 1.4977773066722986
      ]
    },
    "8002": {
      "1": [
        2.316268776402329, 2.309668844396418, 2.311956839127974,
        2.3124266104264692, 2.3149404164516563, 2.310723759911277,
        2.3110891327713476, 2.3107312448096997, 2.3127960364023843,
        2.3094458146528765, 2.3111321781620835, 2.312919927365852,
        2.312952236695723, 2.3125548940716367, 2.3099576848925967,
        2.310194745208278, 2.3116576599352285, 2.3140386740366616,
        2.311244083173347, 2.3100178241729736
      ],
      "2": [
        2.3198642802960947, 2.3148695555600254, 2.3153482856172505,
        2.3205638654304273, 2.3139539631930264, 2.3163118145682593,
        2.315773378718983, 2.3116717049569795, 2.315090186668165,
        2.3150988203106504, 2.3164724364425195, 2.31616811318831,
        2.3143429683916494, 2.3153559294613926, 2.3126240788084087,
        2.313366001302546, 2.3155851075143525, 2.3159849282467,
        2.3156873601855654, 2.3129537755792793
      ],
      "3": [
        2.3221874309308603, 2.321858297694813, 2.3250976837042607,
        2.319816495432998, 2.3225931976780747, 2.321825323682843,
        2.3202535528125185, 2.3213995442245947, 2.3226586110664136,
        2.320985765168161, 2.3198784770387593, 2.3181328773498535,
        2.3221343141613584, 2.3165824991283994, 2.3210030685771597,
        2.3212330847075493, 2.3151369456088906, 2.3207012740048496,
        2.3207257010719995, 2.313008770798192
      ]
    }
  },
  "3": {
    "8011": {
      "1": [
        1.7879218152075103, 1.7423445347583655, 1.7001108798113735,
        1.6797858729506985, 1.6515531973405317, 1.6299901153102065,
        1.6234294031605576, 1.6057173736167676, 1.5905681451161702,
        1.5815832614898682, 1.5755717609867905, 1.565708283222083,
        1.5609470172361894, 1.5519634087880452, 1.54916542226618,
        1.54587096156496, 1.5370420000769875, 1.5374374895384817,
        1.531506390282602, 1.5298966060985217
      ],
      "2": [
        1.5914557269125273, 1.5776618393984707, 1.5587884404442527,
        1.552907463276025, 1.5410844737833196, 1.540199308684378,
        1.5355190219301167, 1.533006949858232, 1.5254857431758533,
        1.5257624785105388, 1.5242090983824297, 1.5192430488991016,
        1.52000917449142, 1.5165959379889749, 1.5143320524331294,
        1.513658967885104, 1.5135612668413105, 1.5135560469193892,
        1.5117999026269624, 1.5106074954524185
      ],
      "3": [
        1.5424117464007754, 1.5295307564012932, 1.527868476780978,
        1.5218733043381663, 1.5207842805168845, 1.5155055522918701,
        1.5116312756682888, 1.5134614850535537, 1.5081618626912434,
        1.5082863677631726, 1.510363474036708, 1.5057211391853564,
        1.5035375717914465, 1.5019273541190408, 1.50437960841439,
        1.5029543529857288, 1.5008291403452556, 1.5003414551417034,
        1.5034545768391003, 1.4980828978798606
      ]
    },
    "8001": {
      "1": [
        1.7083938735904116, 1.6606278816858928, 1.6255113897901592,
        1.5993265888907693, 1.5856590162624011, 1.5681737805857803,
        1.5551653414061575, 1.5464731671593406, 1.543812040126685,
        1.535780642971848, 1.5299515940926292, 1.530074321862423,
        1.522933172457146, 1.521340175108476, 1.5185990441929211,
        1.515891143769929, 1.5160033991842559, 1.5120171344641484,
        1.5103533918207341, 1.5119867144208965
      ],
      "2": [
        1.5615173614386357, 1.5425308364810366, 1.5345667456135605,
        1.5305875901019934, 1.5215550950079253, 1.5205447168061228,
        1.5175635959162856, 1.5115207144708345, 1.5132362120079272,
        1.5111890778397068, 1.508141228646943, 1.5078555490031387,
        1.5086256446260395, 1.5076823451302268, 1.5040286562659524,
        1.5024659489140366, 1.5063720146814983, 1.502128611911427,
        1.5033303101857503, 1.5002086559931438
      ],
      "3": [
        1.5288213202447603, 1.5198728749246309, 1.5141231002229634,
        1.5060884302312678, 1.5075317946347324, 1.5048716574004202,
        1.5045524510470303, 1.5030493700143062, 1.4998403932109023,
        1.5027853322751594, 1.5011628143715137, 1.4987968423149802,
        1.4972895203214702, 1.4998186068101362, 1.494910894018231,
        1.4973780133507468, 1.4958298206329346, 1.4944597265937112,
        1.4956163637565845, 1.4963259227348096
      ]
    }
  },
  "4": {
    "8007": {
      "1": [
        1.8078509171803792, 1.755187193552653, 1.7235184546672937,
        1.6957571867740515, 1.675280744379217, 1.6501759399067273,
        1.6366600954171382, 1.6156094435489539, 1.6144027890581074,
        1.6034472566662412, 1.593474106355147, 1.5889440883289685,
        1.580693031802322, 1.5744373256509954, 1.5661102641712537,
        1.5653474619894316, 1.5659206708272297, 1.5584616046963315,
        1.5520083470778032, 1.5480252323728618
      ],
      "2": [
        1.6505277120705806, 1.615683609789068, 1.5841206456675674,
        1.5755319053476506, 1.570402828129855, 1.5587522116574375,
        1.5499087066361399, 1.546448902650313, 1.5417546539595632,
        1.537187352324977, 1.5341076200658625, 1.5333790345625444,
        1.5298984122998787, 1.5271077553431194, 1.5257355950095437,
        1.5253369663700913, 1.5212495218623767, 1.5205580140605117,
        1.5214936624873767, 1.5180293068741306
      ],
      "3": [
        1.5945225376071352, 1.5496603828487974, 1.5378566980361938,
        1.5297442168900461, 1.5262925444227275, 1.5226607214320789,
        1.5205024914308027, 1.5158853819876006, 1.5161846912268437,
        1.5135065606146147, 1.5095960588166208, 1.512894261967052,
        1.5087238622434211, 1.5085305120005752, 1.5074025464780403,
        1.5054220214034573, 1.506192734747222, 1.5067048000566887,
        1.5019035881215876, 1.5028288978518862
      ]
    },
    "8000": {
      "1": [
        2.34208438613198, 2.3448476141149346, 2.338720719019572,
        2.3390256491574375, 2.3452108484325986, 2.337647228529959,
        2.33770489692688, 2.3391555294846045, 2.3442007050369726,
        2.3380199923659815, 2.3413388223359077, 2.3384433153903847,
        2.331916751283588, 2.340053110411673, 2.342526435852051,
        2.3364761236942178, 2.3309471462712144, 2.3329871278820615,
        2.331217476815888, 2.3385469985730722
      ],