{
  "4": {
    "8005": {
      "1": [
        1.7269170320395268, 1.6877979076269902, 1.6533013040369207,
        1.6186063939874822, 1.6060319055210461, 1.5889550266843853,
        1.5745099566199563, 1.5646616364970352, 1.5505315932360562,
        1.5500972234841548, 1.5402867938532974, 1.5307480638677424,
        1.5314057848670266, 1.5259138454090466, 1.5219109022256099,
        1.5215085419741543, 1.517306382005865, 1.5101858883193044,
        1.5079837026018086, 1.5101708101503777
      ],
      "2": [
        1.5708531972133752, 1.5488815199245105, 1.5404905586531668,
        1.5265618562698364, 1.5169558452837395, 1.5133830778526538,
        1.5127847555911902, 1.5126647407358342, 1.5060590505599976,
        1.5035252643354011, 1.5016311443213262, 1.500415650281039,
        1.5015766656760015, 1.4975118131348581, 1.4967494841777917,
        1.4957973704193577, 1.4992741815971606, 1.4968246257666387,
        1.4945015473799272, 1.4966135639132876
      ],
      "3": [
        1.5253722089709658, 1.5117657509717075, 1.5071227875622837,
        1.504026087847623, 1.5051708835544009, 1.5013169230836811,
        1.4964551600542935, 1.494571895310373, 1.4977045420444373,
        1.4969842253309307, 1.4938586263945608, 1.4930261770884197,
        1.4948123223853833, 1.493458704514937, 1.4927262681903262,
        1.4880510026758367, 1.490367130799727, 1.486608787016435,
        1.4899479692632502, 1.4875040596181697
      ]
    },
    "8010": {
      "1": [
        1.781119137099295, 1.7473976323098848, 1.7134482282580752,
        1.6766304716919407, 1.6558943336660212, 1.6387046611670293,
        1.6181985717831235, 1.6043098008993901, 1.5980085242878308,
        1.5833835312814424, 1.5743406505295725, 1.5687147523417617,
        1.5600737875158137, 1.5564312573635217, 1.5496371948357783,
        1.54591969648997, 1.5366177053162546, 1.537848508719242,
        1.5327010010228013, 1.530708316600684
      ],
      "2": [
        1.5968979127479321, 1.577143882260178, 1.563120581886985,
        1.5505730058207656, 1.5424751838048298, 1.5395925514625781,
        1.535581689892393, 1.531028935403535, 1.5274683489943996,
        1.5192938934672962, 1.5165166529742153, 1.519876935265281,
        1.5148229851867214, 1.5140890316529707, 1.5114255746205647,
        1.5134407859860044, 1.510839494791898, 1.508112957983306,
        1.5085677703221638, 1.5047305352760083
      ],
      "3": [
        1.5399147958466501, 1.5332724650700886, 1.5263417886965203,
        1.5194237918564768, 1.5152251503684304, 1.5120416157173389,
        1.510328766071435, 1.5058142271908848, 1.5064287835901433,
        1.5049062497688062, 1.5011257908561013, 1.503538110039451,
        1.4973542473532937, 1.497302795901443, 1.4975320570396655,
        1.4981806892337222, 1.4955570661660396, 1.4959951530803333,
        1.4954726190278025, 1.4914911732529148
      ]
    }
  },
  "5": {
    "8008": {
      "1": [
        1.7694525718688965, 1.7338136109438809, 1.6923953583746245,
        1.664478103319804, 1.6433185338974, 1.6202351107741848,
        1.6092841841957786, 1.5924987612348613, 1.5870671091657695,
        1.5768885829231956, 1.5693598154819373, 1.5596019210237446,
        1.556984579924381, 1.5515340277642915, 1.5470390355948247,
        1.5419423833037869, 1.5371077277443626, 1.5350005987918738,
        1.5321234320149277, 1.5303719477220015
      ],
      "2": [
        1.6209782361984253, 1.5863781806194421, 1.5661823388301965,
        1.5534577225193833, 1.545258980808836, 1.5372647914019497,
        1.533398165847316, 1.5249522852175164, 1.5243253635637688,
        1.5248002391872983, 1.5191342650037822, 1.5165132681528728,
        1.5148654489806204, 1.5104734175132983, 1.5109197948918198,
        1.5078301213004373, 1.507746732596195, 1.5063641107443608,
        1.5059938900398486, 1.5009715195858118
      ],
      "3": [
        1.5675346453984578, 1.5280711831468525, 1.5276614716558745,
        1.5159844051707874, 1.5176075118960757, 1.5112560264991992,
        1.507743932984092, 1.504452842654604, 1.5044773058457808,
        1.5022065856240012, 1.5021473783435244, 1.4962434190692324,
        1.500938057899475, 1.498202959696452, 1.4957232981017141,
        1.495887153076403, 1.4939657413598262, 1.4944506883621216,
        1.4936042987939082, 1.4931515635866108
      ]
    },
    "8000": {
      "1": [
        2.337596286426891, 2.3393650632916074, 2.341315406741518,
        2.345075260509144, 2.335284861651334, 2.3468155282916445,
        2.333932573145086, 2.3394413933609473, 2.342581929582538,
        2.3382035818966953, 2.3453908327854043, 2.340720559611465,
        2.339469071590539, 2.3418022936040703, 2.3379068302385733,
        2.346481214870106, 2.341272086808176, 2.339696522915002,
        2.3410549597306685, 2.3351166176073477
      ],
      "2": [
        2.342730897845644, 2.3343985441959267, 2.340821851383556,
        2.3431490551341665, 2.3365539059494482, 2.340558984062888,
        2.342278191537568, 2.3384168726025205, 2.3354784719871753,
        2.3320495865561743, 2.3394380699504507, 2.3409925085125547,
        2.336323376857873, 2.338857751904112, 2.336866183714433,
        2.339326186613603, 2.333739063956521, 2.333660869887381,
        2.3389759786201245, 2.339893254366788
      ],
      "3": [
        2.341783220117742, 2.3391103889002944, 2.3407723975904062,
        2.3342039729609634, 2.3465153231765283, 2.3400122252377598,
        2.337558059981375, 2.338891144954797, 2.3399647943901294,
        2.3341151150790127, 2.3371519030946675, 2.3399394642223013,
        2.341536370190707, 2.337807546962391, 2.3319298787550493,
        2.334443858175567, 2.3281679514682656, 2.3352893554803096,
        2.335470792019006, 2.334376992601337
      ]
    }
  }
}
