{"1":5.22175,"2":5.374616666666666,"3":5.24665,"4":5.436133333333333,"5":5.2122,"6":5.526683333333334,"7":6.33475,"8":5.403116666666667,"9":6.402166666666667,"10":5.44795}