{"1":5.563716666666667,"2":7.77985,"3":6.419,"4":6.371,"5":6.9984,"6":6.824666666666666,"7":6.766866666666667,"8":6.740833333333334,"9":6.230683333333333,"10":6.07485}