{"1":101.47593333333333,"2":96.53555,"3":97.16198333333334}