{"1":31.767116666666666,"2":31.809516666666667,"3":31.455516666666668,"4":31.600916666666667,"5":31.12095,"6":30.814566666666668,"7":30.7914,"8":30.7422,"9":31.206866666666667,"10":30.616566666666667,"11":31.31245,"12":30.378433333333334,"13":30.969433333333335,"14":30.503466666666668,"15":30.52638333333333,"16":30.43305,"17":30.6303,"18":30.4586,"19":30.694983333333333,"20":30.52638333333333}