{"1":101.31756666666666,"2":100.35436666666666,"3":99.65748333333333}