{"1":42.399116666666664,"2":41.8777,"3":41.78268333333333,"4":41.266533333333335,"5":40.95885,"6":40.602533333333334,"7":40.73051666666667,"8":40.44433333333333,"9":40.23445,"10":40.76825,"11":40.0293,"12":40.44415,"13":40.0282,"14":40.4172,"15":40.754583333333336,"16":40.15455,"17":40.27676666666667,"18":39.932116666666666,"19":40.232083333333335,"20":39.670233333333336}