{"1":31.218466666666668,"2":30.692933333333333,"3":49.35048333333334,"4":30.6029,"5":30.296083333333332,"6":49.26508333333334,"7":30.426966666666665,"8":29.926416666666668,"9":30.224183333333333,"10":29.7189,"11":47.00456666666667,"12":29.7932,"13":47.2835,"14":29.63755,"15":29.409783333333333,"16":29.5973,"17":29.46465,"18":29.681833333333334,"19":29.641416666666668,"20":46.82341666666667}