{"1":5.604166666666667,"2":8.28045,"3":8.086433333333334,"4":5.523183333333333,"5":5.784483333333333,"6":7.846966666666667,"7":5.164016666666667,"8":5.04415,"9":7.715216666666667,"10":4.9497}