{"8001": {"1": [2.3208255767822266, 2.292111873626709, 2.3134069442749023, 2.2530386447906494, 2.266707181930542, 2.268714427947998, 2.241619825363159, 2.2671449184417725, 2.2253060340881348, 2.2118849754333496, 2.2314531803131104, 2.2033815383911133, 2.1767003536224365, 2.183281660079956, 2.171084403991699, 2.182246685028076, 2.1456267833709717, 2.157426118850708, 2.1656227111816406, 2.1635499000549316, 2.135085344314575, 2.192547559738159, 2.1154420375823975, 2.2119526863098145, 2.1343536376953125, 2.1396915912628174, 2.154785633087158, 2.1335670948028564, 2.1361312866210938, 2.126767873764038, 2.123447895050049, 2.114572763442993, 2.1624624729156494], "2": [2.132676601409912, 2.119497299194336, 2.18015718460083, 2.128354787826538, 2.108832597732544, 2.1770331859588623, 2.085314989089966, 2.1865174770355225, 2.13252329826355, 2.0694661140441895, 2.1181859970092773, 2.0975005626678467, 2.1167855262756348, 2.053903818130493, 2.0924525260925293, 2.1132380962371826, 2.0869970321655273, 2.045264959335327, 2.0893394947052, 2.098421096801758, 2.050769567489624, 2.101987838745117, 2.0614237785339355, 2.1025822162628174, 2.0525848865509033, 2.064138412475586, 2.0765199661254883, 2.0972084999084473, 2.095053195953369, 2.0347204208374023, 2.0697734355926514, 2.066728115081787, 2.033681631088257]}, "8000": {"1": [2.3068504333496094, 2.299063205718994, 2.291769027709961, 2.2763659954071045, 2.2414276599884033, 2.2339634895324707, 2.252249240875244, 2.23958683013916, 2.233020782470703, 2.206244945526123, 2.203559637069702, 2.217820882797241, 2.1719796657562256, 2.186918020248413, 2.22224760055542, 2.215533971786499, 2.1672749519348145, 2.1830832958221436, 2.166261672973633, 2.1615653038024902, 2.1416423320770264, 2.183410882949829, 2.1117615699768066, 2.153864860534668, 2.146873712539673, 2.1610076427459717, 2.140094518661499, 2.100841999053955, 2.120457887649536, 2.085200786590576, 2.13438081741333, 2.0965723991394043, 2.14939284324646], "2": [2.143266439437866, 2.115255117416382, 2.1054723262786865, 2.1270220279693604, 2.1331779956817627, 2.0908286571502686, 2.146191358566284, 2.0847008228302, 2.1546382904052734, 2.071906089782715, 2.0875236988067627, 2.0923969745635986, 2.0955018997192383, 2.1085894107818604, 2.0818068981170654, 2.1278767585754395, 2.077974557876587, 2.092298746109009, 2.0827739238739014, 2.084568977355957, 2.0440878868103027, 2.097625970840454, 2.030449151992798, 2.0735111236572266, 2.063364028930664, 2.072566032409668, 2.117097854614258, 2.043048858642578, 2.074749708175659, 2.0096418857574463, 2.050107002258301, 2.016693115234375, 2.0912234783172607]}}